raceId,year,driverId,driverForename,driverSurname,constructorId,constructorName,circuitId,circuitName,statusId,statusText
,,,,,,,1.0,Albert Park Grand Prix Circuit,,
,,,,,,,2.0,Sepang International Circuit,,
,,,,,,,3.0,Bahrain International Circuit,,
,,,,,,,4.0,Circuit de Barcelona-Catalunya,,
,,,,,,,5.0,Istanbul Park,,
,,,,,,,6.0,Circuit de Monaco,,
,,,,,,,7.0,Circuit Gilles Villeneuve,,
,,,,,,,8.0,Circuit de Nevers Magny-Cours,,
,,,,,,,9.0,Silverstone Circuit,,
,,,,,,,10.0,Hockenheimring,,
,,,,,,,11.0,Hungaroring,,
,,,,,,,12.0,Valencia Street Circuit,,
,,,,,,,13.0,Circuit de Spa-Francorchamps,,
,,,,,,,14.0,Autodromo Nazionale di Monza,,
,,,,,,,15.0,Marina Bay Street Circuit,,
,,,,,,,16.0,Fuji Speedway,,
,,,,,,,17.0,Shanghai International Circuit,,
,,,,,,,18.0,Autódromo José Carlos Pace,,
,,,,,,,19.0,Indianapolis Motor Speedway,,
,,,,,,,20.0,Nürburgring,,
,,,,,,,21.0,Autodromo Enzo e Dino Ferrari,,
,,,,,,,22.0,Suzuka Circuit,,
,,,,,,,80.0,Las Vegas Strip Street Circuit,,
,,,,,,,24.0,Yas Marina Circuit,,
,,,,,,,25.0,Autódromo Juan y Oscar Gálvez,,
,,,,,,,26.0,Circuito de Jerez,,
,,,,,,,27.0,Autódromo do Estoril,,
,,,,,,,28.0,Okayama International Circuit,,
,,,,,,,29.0,Adelaide Street Circuit,,
,,,,,,,30.0,Kyalami,,
,,,,,,,31.0,Donington Park,,
,,,,,,,32.0,Autódromo Hermanos Rodríguez,,
,,,,,,,33.0,Phoenix street circuit,,
,,,,,,,34.0,Circuit Paul Ricard,,
,,,,,,,35.0,Korean International Circuit,,
,,,,,,,36.0,Autódromo Internacional Nelson Piquet,,
,,,,,,,37.0,Detroit Street Circuit,,
,,,,,,,38.0,Brands Hatch,,
,,,,,,,39.0,Circuit Park Zandvoort,,
,,,,,,,40.0,Zolder,,
,,,,,,,41.0,Dijon-Prenois,,
,,,,,,,42.0,Fair Park,,
,,,,,,,43.0,Long Beach,,
,,,,,,,44.0,Las Vegas Street Circuit,,
,,,,,,,45.0,Jarama,,
,,,,,,,46.0,Watkins Glen,,
,,,,,,,47.0,Scandinavian Raceway,,
,,,,,,,48.0,Mosport International Raceway,,
,,,,,,,49.0,Montjuïc,,
,,,,,,,50.0,Nivelles-Baulers,,
,,,,,,,51.0,Charade Circuit,,
,,,,,,,52.0,Circuit Mont-Tremblant,,
,,,,,,,53.0,Rouen-Les-Essarts,,
,,,,,,,54.0,Le Mans,,
,,,,,,,55.0,Reims-Gueux,,
,,,,,,,56.0,Prince George Circuit,,
,,,,,,,57.0,Zeltweg,,
,,,,,,,58.0,Aintree,,
,,,,,,,59.0,Circuito da Boavista,,
,,,,,,,60.0,Riverside International Raceway,,
,,,,,,,61.0,AVUS,,
,,,,,,,62.0,Monsanto Park Circuit,,
,,,,,,,63.0,Sebring International Raceway,,
,,,,,,,64.0,Ain Diab,,
,,,,,,,65.0,Pescara Circuit,,
,,,,,,,66.0,Circuit Bremgarten,,
,,,,,,,67.0,Circuit de Pedralbes,,
,,,,,,,68.0,Buddh International Circuit,,
,,,,,,,69.0,Circuit of the Americas,,
,,,,,,,70.0,Red Bull Ring,,
,,,,,,,71.0,Sochi Autodrom,,
,,,,,,,73.0,Baku City Circuit,,
,,,,,,,75.0,Autódromo Internacional do Algarve,,
,,,,,,,76.0,Autodromo Internazionale del Mugello,,
,,,,,,,77.0,Jeddah Corniche Circuit,,
,,,,,,,78.0,Losail International Circuit,,
,,,,,,,79.0,Miami International Autodrome,,
,,1.0,Lewis,Hamilton,,,,,,
,,2.0,Nick,Heidfeld,,,,,,
,,3.0,Nico,Rosberg,,,,,,
,,4.0,Fernando,Alonso,,,,,,
,,5.0,Heikki,Kovalainen,,,,,,
,,6.0,Kazuki,Nakajima,,,,,,
,,7.0,Sébastien,Bourdais,,,,,,
,,8.0,Kimi,Räikkönen,,,,,,
,,9.0,Robert,Kubica,,,,,,
,,10.0,Timo,Glock,,,,,,
,,11.0,Takuma,Sato,,,,,,
,,12.0,Nelson,Piquet Jr.,,,,,,
,,13.0,Felipe,Massa,,,,,,
,,14.0,David,Coulthard,,,,,,
,,15.0,Jarno,Trulli,,,,,,
,,16.0,Adrian,Sutil,,,,,,
,,17.0,Mark,Webber,,,,,,
,,18.0,Jenson,Button,,,,,,
,,19.0,Anthony,Davidson,,,,,,
,,20.0,Sebastian,Vettel,,,,,,
,,21.0,Giancarlo,Fisichella,,,,,,
,,22.0,Rubens,Barrichello,,,,,,
,,23.0,Ralf,Schumacher,,,,,,
,,24.0,Vitantonio,Liuzzi,,,,,,
,,25.0,Alexander,Wurz,,,,,,
,,26.0,Scott,Speed,,,,,,
,,27.0,Christijan,Albers,,,,,,
,,28.0,Markus,Winkelhock,,,,,,
,,29.0,Sakon,Yamamoto,,,,,,
,,30.0,Michael,Schumacher,,,,,,
,,31.0,Juan,Pablo Montoya,,,,,,
,,32.0,Christian,Klien,,,,,,
,,33.0,Tiago,Monteiro,,,,,,
,,34.0,Yuji,Ide,,,,,,
,,35.0,Jacques,Villeneuve,,,,,,
,,36.0,Franck,Montagny,,,,,,
,,37.0,Pedro,de la Rosa,,,,,,
,,38.0,Robert,Doornbos,,,,,,
,,39.0,Narain,Karthikeyan,,,,,,
,,40.0,Patrick,Friesacher,,,,,,
,,41.0,Ricardo,Zonta,,,,,,
,,42.0,Antônio,Pizzonia,,,,,,
,,43.0,Cristiano,da Matta,,,,,,
,,44.0,Olivier,Panis,,,,,,
,,45.0,Giorgio,Pantano,,,,,,
,,46.0,Gianmaria,Bruni,,,,,,
,,47.0,Zsolt,Baumgartner,,,,,,
,,48.0,Marc,Gené,,,,,,
,,49.0,Heinz-Harald,Frentzen,,,,,,
,,50.0,Jos,Verstappen,,,,,,
,,51.0,Justin,Wilson,,,,,,
,,52.0,Ralph,Firman,,,,,,
,,53.0,Nicolas,Kiesa,,,,,,
,,54.0,Luciano,Burti,,,,,,
,,55.0,Jean,Alesi,,,,,,
,,56.0,Eddie,Irvine,,,,,,
,,57.0,Mika,Häkkinen,,,,,,
,,58.0,Tarso,Marques,,,,,,
,,59.0,Enrique,Bernoldi,,,,,,
,,60.0,Gastón,Mazzacane,,,,,,
,,61.0,Tomáš,Enge,,,,,,
,,62.0,Alex,Yoong,,,,,,
,,63.0,Mika,Salo,,,,,,
,,64.0,Pedro,Diniz,,,,,,
,,65.0,Johnny,Herbert,,,,,,
,,66.0,Allan,McNish,,,,,,
,,67.0,Sébastien,Buemi,,,,,,
,,68.0,Toranosuke,Takagi,,,,,,
,,69.0,Luca,Badoer,,,,,,
,,70.0,Alessandro,Zanardi,,,,,,
,,71.0,Damon,Hill,,,,,,
,,72.0,Stéphane,Sarrazin,,,,,,
,,73.0,Ricardo,Rosset,,,,,,
,,74.0,Esteban,Tuero,,,,,,
,,75.0,Shinji,Nakano,,,,,,
,,76.0,Jan,Magnussen,,,,,,
,,77.0,Gerhard,Berger,,,,,,
,,78.0,Nicola,Larini,,,,,,
,,79.0,Ukyo,Katayama,,,,,,
,,80.0,Vincenzo,Sospiri,,,,,,
,,81.0,Gianni,Morbidelli,,,,,,
,,82.0,Norberto,Fontana,,,,,,
,,83.0,Pedro,Lamy,,,,,,
,,84.0,Martin,Brundle,,,,,,
,,85.0,Andrea,Montermini,,,,,,
,,86.0,Giovanni,Lavaggi,,,,,,
,,87.0,Mark,Blundell,,,,,,
,,88.0,Aguri,Suzuki,,,,,,
,,89.0,Taki,Inoue,,,,,,
,,90.0,Roberto,Moreno,,,,,,
,,91.0,Karl,Wendlinger,,,,,,
,,92.0,Bertrand,Gachot,,,,,,
,,93.0,Domenico,Schiattarella,,,,,,
,,94.0,Pierluigi,Martini,,,,,,
,,95.0,Nigel,Mansell,,,,,,
,,96.0,Jean-Christophe,Boullion,,,,,,
,,97.0,Massimiliano,Papis,,,,,,
,,98.0,Jean-Denis,Délétraz,,,,,,
,,99.0,Gabriele,Tarquini,,,,,,
,,100.0,Érik,Comas,,,,,,
,,101.0,David,Brabham,,,,,,
,,102.0,Ayrton,Senna,,,,,,
,,103.0,Éric,Bernard,,,,,,
,,104.0,Christian,Fittipaldi,,,,,,
,,105.0,Michele,Alboreto,,,,,,
,,106.0,Olivier,Beretta,,,,,,
,,107.0,Roland,Ratzenberger,,,,,,
,,108.0,Paul,Belmondo,,,,,,
,,109.0,Jyrki,Järvilehto,,,,,,
,,110.0,Andrea,de Cesaris,,,,,,
,,111.0,Jean-Marc,Gounon,,,,,,
,,112.0,Philippe,Alliot,,,,,,
,,113.0,Philippe,Adams,,,,,,
,,114.0,Yannick,Dalmas,,,,,,
,,115.0,Hideki,Noda,,,,,,
,,116.0,Franck,Lagorce,,,,,,
,,117.0,Alain,Prost,,,,,,
,,118.0,Derek,Warwick,,,,,,
,,119.0,Riccardo,Patrese,,,,,,
,,120.0,Fabrizio,Barbazza,,,,,,
,,121.0,Michael,Andretti,,,,,,
,,122.0,Ivan,Capelli,,,,,,
,,123.0,Thierry,Boutsen,,,,,,
,,124.0,Marco,Apicella,,,,,,
,,125.0,Emanuele,Naspetti,,,,,,
,,126.0,Toshio,Suzuki,,,,,,
,,127.0,Maurício,Gugelmin,,,,,,
,,128.0,Eric,van de Poele,,,,,,
,,129.0,Olivier,Grouillard,,,,,,
,,130.0,Andrea,Chiesa,,,,,,
,,131.0,Stefano,Modena,,,,,,
,,132.0,Giovanna,Amati,,,,,,
,,133.0,Alex,Caffi,,,,,,
,,134.0,Enrico,Bertaggia,,,,,,
,,135.0,Perry,McCarthy,,,,,,
,,136.0,Jan,Lammers,,,,,,
,,137.0,Nelson,Piquet,,,,,,
,,138.0,Satoru,Nakajima,,,,,,
,,139.0,Emanuele,Pirro,,,,,,
,,140.0,Stefan,Johansson,,,,,,
,,141.0,Julian,Bailey,,,,,,
,,142.0,Pedro,Chaves,,,,,,
,,143.0,Michael,Bartels,,,,,,
,,144.0,Naoki,Hattori,,,,,,
,,145.0,Alessandro,Nannini,,,,,,
,,146.0,Bernd,Schneider,,,,,,
,,147.0,Paolo,Barilla,,,,,,
,,148.0,Gregor,Foitek,,,,,,
,,149.0,Claudio,Langes,,,,,,
,,150.0,Gary,Brabham,,,,,,
,,151.0,Martin,Donnelly,,,,,,
,,152.0,Bruno,Giacomelli,,,,,,
,,153.0,Jaime,Alguersuari,,,,,,
,,154.0,Romain,Grosjean,,,,,,
,,155.0,Kamui,Kobayashi,,,,,,
,,156.0,Jonathan,Palmer,,,,,,
,,157.0,Christian,Danner,,,,,,
,,158.0,Eddie,Cheever,,,,,,
,,159.0,Luis,Pérez-Sala,,,,,,
,,160.0,Piercarlo,Ghinzani,,,,,,
,,161.0,Volker,Weidler,,,,,,
,,162.0,Pierre-Henri,Raphanel,,,,,,
,,163.0,René,Arnoux,,,,,,
,,164.0,Joachim,Winkelhock,,,,,,
,,165.0,Oscar,Larrauri,,,,,,
,,166.0,Philippe,Streiff,,,,,,
,,167.0,Adrián,Campos,,,,,,
,,168.0,Jean-Louis,Schlesser,,,,,,
,,169.0,Pascal,Fabre,,,,,,
,,170.0,Teo,Fabi,,,,,,
,,171.0,Franco,Forini,,,,,,
,,172.0,Jacques,Laffite,,,,,,
,,173.0,Elio,de Angelis,,,,,,
,,174.0,Johnny,Dumfries,,,,,,
,,175.0,Patrick,Tambay,,,,,,
,,176.0,Marc,Surer,,,,,,
,,177.0,Keke,Rosberg,,,,,,
,,178.0,Alan,Jones,,,,,,
,,179.0,Huub,Rothengatter,,,,,,
,,180.0,Allen,Berg,,,,,,
,,181.0,Manfred,Winkelhock,,,,,,
,,182.0,Niki,Lauda,,,,,,
,,183.0,François,Hesnault,,,,,,
,,184.0,Mauro,Baldi,,,,,,
,,185.0,Stefan,Bellof,,,,,,
,,186.0,Kenny,Acheson,,,,,,
,,187.0,John,Watson,,,,,,
,,188.0,Johnny,Cecotto,,,,,,
,,189.0,Jo,Gartner,,,,,,
,,190.0,Corrado,Fabi,,,,,,
,,191.0,Mike,Thackwell,,,,,,
,,192.0,Chico,Serra,,,,,,
,,193.0,Danny,Sullivan,,,,,,
,,194.0,Eliseo,Salazar,,,,,,
,,195.0,Roberto,Guerrero,,,,,,
,,196.0,Raul,Boesel,,,,,,
,,197.0,Jean-Pierre,Jarier,,,,,,
,,198.0,Jacques,Villeneuve Sr.,,,,,,
,,199.0,Carlos,Reutemann,,,,,,
,,200.0,Jochen,Mass,,,,,,
,,201.0,Slim,Borgudd,,,,,,
,,202.0,Didier,Pironi,,,,,,
,,203.0,Gilles,Villeneuve,,,,,,
,,204.0,Riccardo,Paletti,,,,,,
,,205.0,Brian,Henton,,,,,,
,,206.0,Derek,Daly,,,,,,
,,207.0,Mario,Andretti,,,,,,
,,208.0,Emilio,de Villota,,,,,,
,,209.0,Geoff,Lees,,,,,,
,,210.0,Tommy,Byrne,,,,,,
,,211.0,Rupert,Keegan,,,,,,
,,212.0,Hector,Rebaque,,,,,,
,,213.0,Beppe,Gabbiani,,,,,,
,,214.0,Kevin,Cogan,,,,,,
,,215.0,Miguel Ángel,Guerra,,,,,,
,,216.0,Siegfried,Stohr,,,,,,
,,217.0,Ricardo,Zunino,,,,,,
,,218.0,Ricardo,Londoño,,,,,,
,,219.0,Jean-Pierre,Jabouille,,,,,,
,,220.0,Giorgio,Francia,,,,,,
,,221.0,Patrick,Depailler,,,,,,
,,222.0,Jody,Scheckter,,,,,,
,,223.0,Clay,Regazzoni,,,,,,
,,224.0,Emerson,Fittipaldi,,,,,,
,,225.0,Dave,Kennedy,,,,,,
,,226.0,Stephen,South,,,,,,
,,227.0,Tiff,Needell,,,,,,
,,228.0,Desiré,Wilson,,,,,,
,,229.0,Harald,Ertl,,,,,,
,,230.0,Vittorio,Brambilla,,,,,,
,,231.0,James,Hunt,,,,,,
,,232.0,Arturo,Merzario,,,,,,
,,233.0,Hans-Joachim,Stuck,,,,,,
,,234.0,Gianfranco,Brancatelli,,,,,,
,,235.0,Jacky,Ickx,,,,,,
,,236.0,Patrick,Gaillard,,,,,,
,,237.0,Alex,Ribeiro,,,,,,
,,238.0,Ronnie,Peterson,,,,,,
,,239.0,Brett,Lunger,,,,,,
,,240.0,Danny,Ongais,,,,,,
,,241.0,Lamberto,Leoni,,,,,,
,,242.0,Divina,Galica,,,,,,
,,243.0,Rolf,Stommelen,,,,,,
,,244.0,Alberto,Colombo,,,,,,
,,245.0,Tony,Trimmer,,,,,,
,,246.0,Hans,Binder,,,,,,
,,247.0,Michael,Bleekemolen,,,,,,
,,248.0,Carlo,Franchi,,,,,,
,,249.0,Bobby,Rahal,,,,,,
,,250.0,Carlos,Pace,,,,,,
,,251.0,Ian,Scheckter,,,,,,
,,252.0,Tom,Pryce,,,,,,
,,253.0,Ingo,Hoffmann,,,,,,
,,254.0,Renzo,Zorzi,,,,,,
,,255.0,Gunnar,Nilsson,,,,,,
,,256.0,Larry,Perkins,,,,,,
,,257.0,Boy,Lunger,,,,,,
,,258.0,Patrick,Nève,,,,,,
,,259.0,David,Purley,,,,,,
,,260.0,Conny,Andersson,,,,,,
,,261.0,Bernard,de Dryver,,,,,,
,,262.0,Jackie,Oliver,,,,,,
,,263.0,Mikko,Kozarowitzky,,,,,,
,,264.0,Andy,Sutcliffe,,,,,,
,,265.0,Guy,Edwards,,,,,,
,,266.0,Brian,McGuire,,,,,,
,,267.0,Vern,Schuppan,,,,,,
,,268.0,Hans,Heyer,,,,,,
,,269.0,Teddy,Pilette,,,,,,
,,270.0,Ian,Ashley,,,,,,
,,271.0,Loris,Kessel,,,,,,
,,272.0,Kunimitsu,Takahashi,,,,,,
,,273.0,Kazuyoshi,Hoshino,,,,,,
,,274.0,Noritake,Takahara,,,,,,
,,275.0,Lella,Lombardi,,,,,,
,,276.0,Bob,Evans,,,,,,
,,277.0,Michel,Leclère,,,,,,
,,278.0,Chris,Amon,,,,,,
,,279.0,Emilio,Zapico,,,,,,
,,280.0,Henri,Pescarolo,,,,,,
,,281.0,Jac,Nelleman,,,,,,
,,282.0,Damien,Magee,,,,,,
,,283.0,Mike,Wilds,,,,,,
,,284.0,Alessandro,Pesenti-Rossi,,,,,,
,,285.0,Otto,Stuppacher,,,,,,
,,286.0,Warwick,Brown,,,,,,
,,287.0,Masahiro,Hasemi,,,,,,
,,288.0,Mark,Donohue,,,,,,
,,289.0,Graham,Hill,,,,,,
,,290.0,Wilson,Fittipaldi,,,,,,
,,291.0,Guy,Tunmer,,,,,,
,,292.0,Eddie,Keizan,,,,,,
,,293.0,Dave,Charlton,,,,,,
,,294.0,Tony,Brise,,,,,,
,,295.0,Roelof,Wunderink,,,,,,
,,296.0,François,Migault,,,,,,
,,297.0,Torsten,Palm,,,,,,
,,298.0,Gijs,van Lennep,,,,,,
,,299.0,Hiroshi,Fushida,,,,,,
,,300.0,John,Nicholson,,,,,,
,,301.0,Dave,Morgan,,,,,,
,,302.0,Jim,Crawford,,,,,,
,,303.0,Jo,Vonlanthen,,,,,,
,,304.0,Denny,Hulme,,,,,,
,,305.0,Mike,Hailwood,,,,,,
,,306.0,Jean-Pierre,Beltoise,,,,,,
,,307.0,Howden,Ganley,,,,,,
,,308.0,Richard,Robarts,,,,,,
,,309.0,Peter,Revson,,,,,,
,,310.0,Paddy,Driver,,,,,,
,,311.0,Tom,Belsø,,,,,,
,,312.0,Brian,Redman,,,,,,
,,313.0,Rikky,von Opel,,,,,,
,,314.0,Tim,Schenken,,,,,,
,,315.0,Gérard,Larrousse,,,,,,
,,316.0,Leo,Kinnunen,,,,,,
,,317.0,Reine,Wisell,,,,,,
,,318.0,Bertil,Roos,,,,,,
,,319.0,José,Dolhem,,,,,,
,,320.0,Peter,Gethin,,,,,,
,,321.0,Derek,Bell,,,,,,
,,322.0,David,Hobbs,,,,,,
,,323.0,Dieter,Quester,,,,,,
,,324.0,Helmuth,Koinigg,,,,,,
,,325.0,Carlo,Facetti,,,,,,
,,326.0,Eppie,Wietzes,,,,,,
,,327.0,François,Cevert,,,,,,
,,328.0,Jackie,Stewart,,,,,,
,,329.0,Mike,Beuttler,,,,,,
,,330.0,Nanni,Galli,,,,,,
,,331.0,Luiz,Bueno,,,,,,
,,332.0,George,Follmer,,,,,,
,,333.0,Andrea,de Adamich,,,,,,
,,334.0,Jackie,Pretorius,,,,,,
,,335.0,Roger,Williamson,,,,,,
,,336.0,Graham,McRae,,,,,,
,,337.0,Helmut,Marko,,,,,,
,,338.0,David,Walker,,,,,,
,,339.0,Alex,Soler-Roig,,,,,,
,,340.0,John,Love,,,,,,
,,341.0,John,Surtees,,,,,,
,,342.0,Skip,Barber,,,,,,
,,343.0,Bill,Brack,,,,,,
,,344.0,Sam,Posey,,,,,,
,,345.0,Pedro,Rodríguez,,,,,,
,,346.0,Jo,Siffert,,,,,,
,,347.0,Jo,Bonnier,,,,,,
,,348.0,François,Mazet,,,,,,
,,349.0,Max,Jean,,,,,,
,,350.0,Vic,Elford,,,,,,
,,351.0,Silvio,Moser,,,,,,
,,352.0,George,Eaton,,,,,,
,,353.0,Pete,Lovely,,,,,,
,,354.0,Chris,Craft,,,,,,
,,355.0,John,Cannon,,,,,,
,,356.0,Jack,Brabham,,,,,,
,,357.0,John,Miles,,,,,,
,,358.0,Jochen,Rindt,,,,,,
,,359.0,Johnny,Servoz-Gavin,,,,,,
,,360.0,Bruce,McLaren,,,,,,
,,361.0,Piers,Courage,,,,,,
,,362.0,Peter,de Klerk,,,,,,
,,363.0,Ignazio,Giunti,,,,,,
,,364.0,Dan,Gurney,,,,,,
,,365.0,Hubert,Hahne,,,,,,
,,366.0,Gus,Hutchison,,,,,,
,,367.0,Peter,Westbury,,,,,,
,,368.0,Sam,Tingle,,,,,,
,,369.0,Basil,van Rooyen,,,,,,
,,370.0,Richard,Attwood,,,,,,
,,371.0,Al,Pease,,,,,,
,,372.0,John,Cordts,,,,,,
,,373.0,Jim,Clark,,,,,,
,,374.0,Mike,Spence,,,,,,
,,375.0,Ludovico,Scarfiotti,,,,,,
,,376.0,Lucien,Bianchi,,,,,,
,,377.0,Jo,Schlesser,,,,,,
,,378.0,Robin,Widdows,,,,,,
,,379.0,Kurt,Ahrens,,,,,,
,,380.0,Frank,Gardner,,,,,,
,,381.0,Bobby,Unser,,,,,,
,,382.0,Moisés,Solana,,,,,,
,,383.0,Bob,Anderson,,,,,,
,,384.0,Luki,Botha,,,,,,
,,385.0,Lorenzo,Bandini,,,,,,
,,386.0,Richie,Ginther,,,,,,
,,387.0,Mike,Parkes,,,,,,
,,388.0,Chris,Irwin,,,,,,
,,389.0,Guy,Ligier,,,,,,
,,390.0,Alan,Rees,,,,,,
,,391.0,Brian,Hart,,,,,,
,,392.0,Mike,Fisher,,,,,,
,,393.0,Tom,Jones,,,,,,
,,394.0,Giancarlo,Baghetti,,,,,,
,,395.0,Jonathan,Williams,,,,,,
,,396.0,Bob,Bondurant,,,,,,
,,397.0,Peter,Arundell,,,,,,
,,398.0,Vic,Wilson,,,,,,
,,399.0,John,Taylor,,,,,,
,,400.0,Chris,Lawrence,,,,,,
,,401.0,Trevor,Taylor,,,,,,
,,402.0,Giacomo,Russo,,,,,,
,,403.0,Phil,Hill,,,,,,
,,404.0,Innes,Ireland,,,,,,
,,405.0,Ronnie,Bucknum,,,,,,
,,406.0,Paul,Hawkins,,,,,,
,,407.0,David,Prophet,,,,,,
,,408.0,Tony,Maggs,,,,,,
,,409.0,Trevor,Blokdyk,,,,,,
,,410.0,Neville,Lederle,,,,,,
,,411.0,Doug,Serrurier,,,,,,
,,412.0,Brausch,Niemann,,,,,,
,,413.0,Ernie,Pieterse,,,,,,
,,414.0,Clive,Puzey,,,,,,
,,415.0,Ray,Reed,,,,,,
,,416.0,David,Clapham,,,,,,
,,417.0,Alex,Blignaut,,,,,,
,,418.0,Masten,Gregory,,,,,,
,,419.0,John,Rhodes,,,,,,
,,420.0,Ian,Raby,,,,,,
,,421.0,Alan,Rollinson,,,,,,
,,422.0,Brian,Gubby,,,,,,
,,423.0,Gerhard,Mitter,,,,,,
,,424.0,Roberto,Bussinello,,,,,,
,,425.0,Nino,Vaccarella,,,,,,
,,426.0,Giorgio,Bassi,,,,,,
,,427.0,Maurice,Trintignant,,,,,,
,,428.0,Bernard,Collomb,,,,,,
,,429.0,André,Pilette,,,,,,
,,430.0,Carel Godin,de Beaufort,,,,,,
,,431.0,Edgar,Barth,,,,,,
,,432.0,Mário de Araújo,Cabral,,,,,,
,,433.0,Walt,Hansgen,,,,,,
,,434.0,Hap,Sharp,,,,,,
,,435.0,Willy,Mairesse,,,,,,
,,436.0,John,Campbell-Jones,,,,,,
,,437.0,Ian,Burgess,,,,,,
,,438.0,Tony,Settember,,,,,,
,,439.0,Nasif,Estéfano,,,,,,
,,440.0,Jim,Hall,,,,,,
,,441.0,Tim,Parnell,,,,,,
,,442.0,Kurt,Kuhnke,,,,,,
,,443.0,Ernesto,Brambilla,,,,,,
,,444.0,Roberto,Lippi,,,,,,
,,445.0,Günther,Seiffert,,,,,,
,,446.0,Carlo,Abate,,,,,,
,,447.0,Gaetano,Starrabba,,,,,,
,,448.0,Peter,Broeker,,,,,,
,,449.0,Rodger,Ward,,,,,,
,,450.0,Ernie,de Vos,,,,,,
,,451.0,Frank,Dochnal,,,,,,
,,452.0,Thomas,Monarch,,,,,,
,,842.0,Pierre,Gasly,,,,,,
,,453.0,Jackie,Lewis,,,,,,
,,454.0,Ricardo,Rodríguez,,,,,,
,,455.0,Wolfgang,Seidel,,,,,,
,,456.0,Roy,Salvadori,,,,,,
,,457.0,Ben,Pon,,,,,,
,,458.0,Rob,Slotemaker,,,,,,
,,459.0,Tony,Marsh,,,,,,
,,460.0,Gerry,Ashmore,,,,,,
,,461.0,Heinz,Schiller,,,,,,
,,462.0,Colin,Davis,,,,,,
,,463.0,Jay,Chamberlain,,,,,,
,,464.0,Tony,Shelly,,,,,,
,,465.0,Keith,Greene,,,,,,
,,466.0,Heini,Walter,,,,,,
,,467.0,Ernesto,Prinoth,,,,,,
,,468.0,Roger,Penske,,,,,,
,,469.0,Rob,Schroeder,,,,,,
,,470.0,Timmy,Mayer,,,,,,
,,471.0,Bruce,Johnstone,,,,,,
,,472.0,Mike,Harris,,,,,,
,,473.0,Gary,Hocking,,,,,,
,,474.0,Syd,van der Vyver,,,,,,
,,475.0,Stirling,Moss,,,,,,
,,476.0,Wolfgang,von Trips,,,,,,
,,477.0,Cliff,Allison,,,,,,
,,478.0,Hans,Herrmann,,,,,,
,,479.0,Tony,Brooks,,,,,,
,,480.0,Michael,May,,,,,,
,,481.0,Henry,Taylor,,,,,,
,,482.0,Olivier,Gendebien,,,,,,
,,483.0,Giorgio,Scarlatti,,,,,,
,,484.0,Brian,Naylor,,,,,,
,,485.0,Juan Manuel,Bordeu,,,,,,
,,486.0,Jack,Fairman,,,,,,
,,487.0,Massimo,Natili,,,,,,
,,488.0,Peter,Monteverdi,,,,,,
,,489.0,Renato,Pirocchi,,,,,,
,,490.0,Geoff,Duke,,,,,,
,,491.0,Alfonso,Thiele,,,,,,
,,492.0,Menato,Boffa,,,,,,
,,493.0,Peter,Ryan,,,,,,
,,494.0,Lloyd,Ruby,,,,,,
,,495.0,Ken,Miles,,,,,,
,,496.0,Carlos,Menditeguy,,,,,,
,,497.0,Alberto Rodriguez,Larreta,,,,,,
,,498.0,José Froilán,González,,,,,,
,,499.0,Roberto,Bonomi,,,,,,
,,500.0,Gino,Munaron,,,,,,
,,501.0,Harry,Schell,,,,,,
,,502.0,Alan,Stacey,,,,,,
,,503.0,Ettore,Chimeri,,,,,,
,,504.0,Antonio,Creus,,,,,,
,,505.0,Chris,Bristow,,,,,,
,,506.0,Bruce,Halford,,,,,,
,,507.0,Chuck,Daigh,,,,,,
,,508.0,Lance,Reventlow,,,,,,
,,509.0,Jim,Rathmann,,,,,,
,,510.0,Paul,Goldsmith,,,,,,
,,511.0,Don,Branson,,,,,,
,,512.0,Johnny,Thomson,,,,,,
,,513.0,Eddie,Johnson,,,,,,
,,514.0,Bob,Veith,,,,,,
,,515.0,Bud,Tingelstad,,,,,,
,,516.0,Bob,Christie,,,,,,
,,517.0,Red,Amick,,,,,,
,,518.0,Duane,Carter,,,,,,
,,519.0,Bill,Homeier,,,,,,
,,520.0,Gene,Hartley,,,,,,
,,521.0,Chuck,Stevenson,,,,,,
,,522.0,Bobby,Grim,,,,,,
,,523.0,Shorty,Templeman,,,,,,
,,524.0,Jim,Hurtubise,,,,,,
,,525.0,Jimmy,Bryan,,,,,,
,,526.0,Troy,Ruttman,,,,,,
,,527.0,Eddie,Sachs,,,,,,
,,528.0,Don,Freeland,,,,,,
,,529.0,Tony,Bettenhausen,,,,,,
,,530.0,Wayne,Weiler,,,,,,
,,531.0,Anthony,Foyt,,,,,,
,,532.0,Eddie,Russo,,,,,,
,,533.0,Johnny,Boyd,,,,,,
,,534.0,Gene,Force,,,,,,
,,535.0,Jim,McWithey,,,,,,
,,536.0,Len,Sutton,,,,,,
,,537.0,Dick,Rathmann,,,,,,
,,538.0,Al,Herman,,,,,,
,,539.0,Dempsey,Wilson,,,,,,
,,540.0,Mike,Taylor,,,,,,
,,541.0,Ron,Flockhart,,,,,,
,,542.0,David,Piper,,,,,,
,,543.0,Giulio,Cabianca,,,,,,
,,544.0,Piero,Drogo,,,,,,
,,545.0,Fred,Gamble,,,,,,
,,546.0,Arthur,Owen,,,,,,
,,547.0,Horace,Gould,,,,,,
,,548.0,Bob,Drake,,,,,,
,,549.0,Ivor,Bueb,,,,,,
,,550.0,Alain,de Changy,,,,,,
,,551.0,Maria,de Filippis,,,,,,
,,552.0,Jean,Lucienbonnet,,,,,,
,,553.0,André,Testut,,,,,,
,,554.0,Jean,Behra,,,,,,
,,555.0,Paul,Russo,,,,,,
,,556.0,Jimmy,Daywalt,,,,,,
,,557.0,Chuck,Arnold,,,,,,
,,558.0,Al,Keller,,,,,,
,,559.0,Pat,Flaherty,,,,,,
,,560.0,Bill,Cheesbourg,,,,,,
,,561.0,Ray,Crawford,,,,,,
,,562.0,Jack,Turner,,,,,,
,,563.0,Chuck,Weyant,,,,,,
,,564.0,Jud,Larson,,,,,,
,,565.0,Mike,Magill,,,,,,
,,566.0,Carroll,Shelby,,,,,,
,,567.0,Fritz,d'Orey,,,,,,
,,568.0,Azdrubal,Fontes,,,,,,
,,569.0,Peter,Ashdown,,,,,,
,,570.0,Bill,Moss,,,,,,
,,571.0,Dennis,Taylor,,,,,,
,,572.0,Harry,Blanchard,,,,,,
,,573.0,Alessandro,de Tomaso,,,,,,
,,574.0,George,Constantine,,,,,,
,,575.0,Bob,Said,,,,,,
,,576.0,Phil,Cade,,,,,,
,,577.0,Luigi,Musso,,,,,,
,,578.0,Mike,Hawthorn,,,,,,
,,579.0,Juan,Fangio,,,,,,
,,580.0,Paco,Godia,,,,,,
,,581.0,Peter,Collins,,,,,,
,,582.0,Ken,Kavanagh,,,,,,
,,583.0,Gerino,Gerini,,,,,,
,,584.0,Bruce,Kessler,,,,,,
,,585.0,Paul,Emery,,,,,,
,,586.0,Luigi,Piotti,,,,,,
,,587.0,Bernie,Ecclestone,,,,,,
,,588.0,Luigi,Taramazzo,,,,,,
,,589.0,Louis,Chiron,,,,,,
,,590.0,Stuart,Lewis-Evans,,,,,,
,,591.0,George,Amick,,,,,,
,,592.0,Jimmy,Reece,,,,,,
,,593.0,Johnnie,Parsons,,,,,,
,,594.0,Johnnie,Tolan,,,,,,
,,595.0,Billy,Garrett,,,,,,
,,596.0,Ed,Elisian,,,,,,
,,597.0,Pat,O'Connor,,,,,,
,,598.0,Jerry,Unser,,,,,,
,,599.0,Art,Bisch,,,,,,
,,600.0,Christian,Goethals,,,,,,
,,601.0,Dick,Gibson,,,,,,
,,602.0,Robert,La Caze,,,,,,
,,603.0,André,Guelfi,,,,,,
,,604.0,François,Picard,,,,,,
,,605.0,Tom,Bridger,,,,,,
,,606.0,Alfonso,de Portago,,,,,,
,,607.0,Cesare,Perdisa,,,,,,
,,608.0,Eugenio,Castellotti,,,,,,
,,609.0,André,Simon,,,,,,
,,610.0,Les,Leston,,,,,,
,,611.0,Sam,Hanks,,,,,,
,,612.0,Andy,Linden,,,,,,
,,613.0,Marshall,Teague,,,,,,
,,614.0,Don,Edmunds,,,,,,
,,615.0,Fred,Agabashian,,,,,,
,,616.0,Elmer,George,,,,,,
,,617.0,Mike,MacDowel,,,,,,
,,618.0,Herbert,MacKay-Fraser,,,,,,
,,619.0,Bob,Gerard,,,,,,
,,620.0,Umberto,Maglioli,,,,,,
,,621.0,Paul,England,,,,,,
,,622.0,Chico,Landi,,,,,,
,,623.0,Alberto,Uria,,,,,,
,,624.0,Hernando,da Silva Ramos,,,,,,
,,625.0,Élie,Bayol,,,,,,
,,626.0,Robert,Manzon,,,,,,
,,627.0,Louis,Rosier,,,,,,
,,628.0,Bob,Sweikert,,,,,,
,,629.0,Cliff,Griffith,,,,,,
,,630.0,Duke,Dinsmore,,,,,,
,,631.0,Keith,Andrews,,,,,,
,,632.0,Paul,Frère,,,,,,
,,633.0,Luigi,Villoresi,,,,,,
,,634.0,Piero,Scotti,,,,,,
,,635.0,Colin,Chapman,,,,,,
,,636.0,Desmond,Titterington,,,,,,
,,637.0,Archie,Scott Brown,,,,,,
,,638.0,Ottorino,Volonterio,,,,,,
,,639.0,André,Milhoux,,,,,,
,,640.0,Toulo,de Graffenried,,,,,,
,,641.0,Piero,Taruffi,,,,,,
,,642.0,Nino,Farina,,,,,,
,,643.0,Roberto,Mieres,,,,,,
,,644.0,Sergio,Mantovani,,,,,,
,,645.0,Clemar,Bucci,,,,,,
,,646.0,Jesús,Iglesias,,,,,,
,,647.0,Alberto,Ascari,,,,,,
,,648.0,Karl,Kling,,,,,,
,,649.0,Pablo,Birger,,,,,,
,,650.0,Jacques,Pollet,,,,,,
,,651.0,Lance,Macklin,,,,,,
,,652.0,Ted,Whiteaway,,,,,,
,,653.0,Jimmy,Davies,,,,,,
,,654.0,Walt,Faulkner,,,,,,
,,655.0,Cal,Niday,,,,,,
,,656.0,Art,Cross,,,,,,
,,657.0,Bill,Vukovich,,,,,,
,,658.0,Jack,McGrath,,,,,,
,,659.0,Jerry,Hoyt,,,,,,
,,660.0,Johnny,Claes,,,,,,
,,661.0,Peter,Walker,,,,,,
,,662.0,Mike,Sparken,,,,,,
,,663.0,Ken,Wharton,,,,,,
,,664.0,Kenneth,McAlpine,,,,,,
,,665.0,Leslie,Marr,,,,,,
,,666.0,Tony,Rolt,,,,,,
,,667.0,John,Fitch,,,,,,
,,668.0,Jean,Lucas,,,,,,
,,669.0,Prince,Bira,,,,,,
,,670.0,Onofre,Marimón,,,,,,
,,671.0,Roger,Loyer,,,,,,
,,672.0,Jorge,Daponte,,,,,,
,,673.0,Mike,Nazaruk,,,,,,
,,674.0,Larry,Crockett,,,,,,
,,675.0,Manny,Ayulo,,,,,,
,,676.0,Frank,Armi,,,,,,
,,677.0,Travis,Webb,,,,,,
,,678.0,Len,Duncan,,,,,,
,,679.0,Ernie,McCoy,,,,,,
,,680.0,Jacques,Swaters,,,,,,
,,681.0,Georges,Berger,,,,,,
,,682.0,Don,Beauman,,,,,,
,,683.0,Leslie,Thorne,,,,,,
,,684.0,Bill,Whitehouse,,,,,,
,,685.0,John,Riseley-Prichard,,,,,,
,,686.0,Reg,Parnell,,,,,,
,,687.0,Peter,Whitehead,,,,,,
,,688.0,Eric,Brandon,,,,,,
,,689.0,Alan,Brown,,,,,,
,,690.0,Rodney,Nuckey,,,,,,
,,691.0,Hermann,Lang,,,,,,
,,692.0,Theo,Helfrich,,,,,,
,,693.0,Fred,Wacker,,,,,,
,,694.0,Giovanni,de Riu,,,,,,
,,695.0,Oscar,Gálvez,,,,,,
,,696.0,John,Barber,,,,,,
,,697.0,Felice,Bonetto,,,,,,
,,698.0,Adolfo,Cruz,,,,,,
,,699.0,Duke,Nalon,,,,,,
,,700.0,Carl,Scarborough,,,,,,
,,701.0,Bill,Holland,,,,,,
,,702.0,Bob,Scott,,,,,,
,,703.0,Arthur,Legat,,,,,,
,,704.0,Yves,Cabantous,,,,,,
,,705.0,Tony,Crook,,,,,,
,,706.0,Jimmy,Stewart,,,,,,
,,707.0,Ian,Stewart,,,,,,
,,708.0,Duncan,Hamilton,,,,,,
,,709.0,Ernst,Klodwig,,,,,,
,,710.0,Rudolf,Krause,,,,,,
,,711.0,Oswald,Karch,,,,,,
,,712.0,Willi,Heeks,,,,,,
,,713.0,Theo,Fitzau,,,,,,
,,714.0,Kurt,Adolff,,,,,,
,,715.0,Günther,Bechem,,,,,,
,,716.0,Erwin,Bauer,,,,,,
,,717.0,Hans,von Stuck,,,,,,
,,718.0,Ernst,Loof,,,,,,
,,719.0,Albert,Scherrer,,,,,,
,,720.0,Max,de Terra,,,,,,
,,721.0,Peter,Hirt,,,,,,
,,722.0,Piero,Carini,,,,,,
,,723.0,Rudi,Fischer,,,,,,
,,724.0,Toni,Ulmen,,,,,,
,,725.0,George,Abecassis,,,,,,
,,726.0,George,Connor,,,,,,
,,727.0,Jim,Rigsby,,,,,,
,,728.0,Joe,James,,,,,,
,,729.0,Bill,Schindler,,,,,,
,,730.0,George,Fonder,,,,,,
,,731.0,Henry,Banks,,,,,,
,,732.0,Johnny,McDowell,,,,,,
,,733.0,Chet,Miller,,,,,,
,,734.0,Bobby,Ball,,,,,,
,,735.0,Charles,de Tornaco,,,,,,
,,736.0,Roger,Laurent,,,,,,
,,737.0,Robert,O'Brien,,,,,,
,,738.0,Tony,Gaze,,,,,,
,,739.0,Robin,Montgomerie-Charrington,,,,,,
,,740.0,Franco,Comotti,,,,,,
,,741.0,Philippe,Étancelin,,,,,,
,,742.0,Dennis,Poore,,,,,,
,,743.0,Eric,Thompson,,,,,,
,,744.0,Ken,Downing,,,,,,
,,745.0,Graham,Whitehead,,,,,,
,,746.0,Gino,Bianco,,,,,,
,,747.0,David,Murray,,,,,,
,,748.0,Eitel,Cantoni,,,,,,
,,749.0,Bill,Aston,,,,,,
,,750.0,Adolf,Brudes,,,,,,
,,751.0,Fritz,Riess,,,,,,
,,752.0,Helmut,Niedermayr,,,,,,
,,753.0,Hans,Klenk,,,,,,
,,754.0,Marcel,Balsa,,,,,,
,,755.0,Rudolf,Schoeller,,,,,,
,,756.0,Paul,Pietsch,,,,,,
,,757.0,Josef,Peters,,,,,,
,,758.0,Dries,van der Lof,,,,,,
,,759.0,Jan,Flinterman,,,,,,
,,760.0,Piero,Dusio,,,,,,
,,761.0,Alberto,Crespo,,,,,,
,,762.0,Franco,Rol,,,,,,
,,763.0,Consalvo,Sanesi,,,,,,
,,764.0,Guy,Mairesse,,,,,,
,,765.0,Henri,Louveau,,,,,,
,,766.0,Lee,Wallard,,,,,,
,,767.0,Carl,Forberg,,,,,,
,,768.0,Mauri,Rose,,,,,,
,,769.0,Bill,Mackey,,,,,,
,,770.0,Cecil,Green,,,,,,
,,771.0,Walt,Brown,,,,,,
,,772.0,Mack,Hellings,,,,,,
,,773.0,Pierre,Levegh,,,,,,
,,774.0,Eugène,Chaboud,,,,,,
,,775.0,Aldo,Gordini,,,,,,
,,776.0,Joe,Kelly,,,,,,
,,777.0,Philip,Fotheringham-Parker,,,,,,
,,778.0,Brian,Shawe Taylor,,,,,,
,,779.0,John,James,,,,,,
,,780.0,Toni,Branca,,,,,,
,,781.0,Ken,Richardson,,,,,,
,,782.0,Juan,Jover,,,,,,
,,783.0,Georges,Grignard,,,,,,
,,784.0,David,Hampshire,,,,,,
,,785.0,Geoff,Crossley,,,,,,
,,786.0,Luigi,Fagioli,,,,,,
,,787.0,Cuth,Harrison,,,,,,
,,788.0,Joe,Fry,,,,,,
,,789.0,Eugène,Martin,,,,,,
,,790.0,Leslie,Johnson,,,,,,
,,791.0,Clemente,Biondetti,,,,,,
,,792.0,Alfredo,Pián,,,,,,
,,793.0,Raymond,Sommer,,,,,,
,,794.0,Joie,Chitwood,,,,,,
,,795.0,Myron,Fohr,,,,,,
,,796.0,Walt,Ader,,,,,,
,,797.0,Jackie,Holmes,,,,,,
,,798.0,Bayliss,Levrett,,,,,,
,,799.0,Jimmy,Jackson,,,,,,
,,800.0,Nello,Pagani,,,,,,
,,801.0,Charles,Pozzi,,,,,,
,,802.0,Dorino,Serafini,,,,,,
,,803.0,Bill,Cantrell,,,,,,
,,804.0,Johnny,Mantz,,,,,,
,,805.0,Danny,Kladis,,,,,,
,,806.0,Óscar,González,,,,,,
,,807.0,Nico,Hülkenberg,,,,,,
,,808.0,Vitaly,Petrov,,,,,,
,,810.0,Lucas,di Grassi,,,,,,
,,811.0,Bruno,Senna,,,,,,
,,812.0,Karun,Chandhok,,,,,,
,,813.0,Pastor,Maldonado,,,,,,
,,814.0,Paul,di Resta,,,,,,
,,815.0,Sergio,Pérez,,,,,,
,,816.0,Jérôme,d'Ambrosio,,,,,,
,,817.0,Daniel,Ricciardo,,,,,,
,,818.0,Jean-Éric,Vergne,,,,,,
,,819.0,Charles,Pic,,,,,,
,,820.0,Max,Chilton,,,,,,
,,821.0,Esteban,Gutiérrez,,,,,,
,,822.0,Valtteri,Bottas,,,,,,
,,823.0,Giedo,van der Garde,,,,,,
,,824.0,Jules,Bianchi,,,,,,
,,825.0,Kevin,Magnussen,,,,,,
,,826.0,Daniil,Kvyat,,,,,,
,,827.0,André,Lotterer,,,,,,
,,828.0,Marcus,Ericsson,,,,,,
,,829.0,Will,Stevens,,,,,,
,,830.0,Max,Verstappen,,,,,,
,,831.0,Felipe,Nasr,,,,,,
,,832.0,Carlos,Sainz,,,,,,
,,833.0,Roberto,Merhi,,,,,,
,,834.0,Alexander,Rossi,,,,,,
,,835.0,Jolyon,Palmer,,,,,,
,,836.0,Pascal,Wehrlein,,,,,,
,,837.0,Rio,Haryanto,,,,,,
,,838.0,Stoffel,Vandoorne,,,,,,
,,839.0,Esteban,Ocon,,,,,,
,,840.0,Lance,Stroll,,,,,,
,,841.0,Antonio,Giovinazzi,,,,,,
,,843.0,Brendon,Hartley,,,,,,
,,844.0,Charles,Leclerc,,,,,,
,,845.0,Sergey,Sirotkin,,,,,,
,,846.0,Lando,Norris,,,,,,
,,847.0,George,Russell,,,,,,
,,848.0,Alexander,Albon,,,,,,
,,849.0,Nicholas,Latifi,,,,,,
,,850.0,Pietro,Fittipaldi,,,,,,
,,851.0,Jack,Aitken,,,,,,
,,852.0,Yuki,Tsunoda,,,,,,
,,853.0,Nikita,Mazepin,,,,,,
,,854.0,Mick,Schumacher,,,,,,
,,855.0,Guanyu,Zhou,,,,,,
,,856.0,Nyck,de Vries,,,,,,
,,857.0,Oscar,Piastri,,,,,,
,,858.0,Logan,Sargeant,,,,,,
,,859.0,Liam,Lawson,,,,,,
,,860.0,Oliver,Bearman,,,,,,
,,861.0,Franco,Colapinto,,,,,,
,,862.0,Jack,Doohan,,,,,,
,,863.0,Andrea Kimi,Antonelli,,,,,,
,,864.0,Gabriel,Bortoleto,,,,,,
,,865.0,Isack,Hadjar,,,,,,
1.0,2009.0,,,,,,1.0,,,
2.0,2009.0,,,,,,2.0,,,
3.0,2009.0,,,,,,17.0,,,
4.0,2009.0,,,,,,3.0,,,
5.0,2009.0,,,,,,4.0,,,
6.0,2009.0,,,,,,6.0,,,
7.0,2009.0,,,,,,5.0,,,
8.0,2009.0,,,,,,9.0,,,
9.0,2009.0,,,,,,20.0,,,
10.0,2009.0,,,,,,11.0,,,
11.0,2009.0,,,,,,12.0,,,
12.0,2009.0,,,,,,13.0,,,
13.0,2009.0,,,,,,14.0,,,
14.0,2009.0,,,,,,15.0,,,
15.0,2009.0,,,,,,22.0,,,
16.0,2009.0,,,,,,18.0,,,
17.0,2009.0,,,,,,24.0,,,
18.0,2008.0,,,,,,1.0,,,
19.0,2008.0,,,,,,2.0,,,
20.0,2008.0,,,,,,3.0,,,
21.0,2008.0,,,,,,4.0,,,
22.0,2008.0,,,,,,5.0,,,
23.0,2008.0,,,,,,6.0,,,
24.0,2008.0,,,,,,7.0,,,
25.0,2008.0,,,,,,8.0,,,
26.0,2008.0,,,,,,9.0,,,
27.0,2008.0,,,,,,10.0,,,
28.0,2008.0,,,,,,11.0,,,
29.0,2008.0,,,,,,12.0,,,
30.0,2008.0,,,,,,13.0,,,
31.0,2008.0,,,,,,14.0,,,
32.0,2008.0,,,,,,15.0,,,
33.0,2008.0,,,,,,16.0,,,
34.0,2008.0,,,,,,17.0,,,
35.0,2008.0,,,,,,18.0,,,
36.0,2007.0,,,,,,1.0,,,
37.0,2007.0,,,,,,2.0,,,
38.0,2007.0,,,,,,3.0,,,
39.0,2007.0,,,,,,4.0,,,
40.0,2007.0,,,,,,6.0,,,
41.0,2007.0,,,,,,7.0,,,
42.0,2007.0,,,,,,19.0,,,
43.0,2007.0,,,,,,8.0,,,
44.0,2007.0,,,,,,9.0,,,
45.0,2007.0,,,,,,20.0,,,
46.0,2007.0,,,,,,11.0,,,
47.0,2007.0,,,,,,5.0,,,
48.0,2007.0,,,,,,14.0,,,
49.0,2007.0,,,,,,13.0,,,
50.0,2007.0,,,,,,16.0,,,
51.0,2007.0,,,,,,17.0,,,
52.0,2007.0,,,,,,18.0,,,
53.0,2006.0,,,,,,3.0,,,
54.0,2006.0,,,,,,2.0,,,
55.0,2006.0,,,,,,1.0,,,
56.0,2006.0,,,,,,21.0,,,
57.0,2006.0,,,,,,20.0,,,
58.0,2006.0,,,,,,4.0,,,
59.0,2006.0,,,,,,6.0,,,
60.0,2006.0,,,,,,9.0,,,
61.0,2006.0,,,,,,7.0,,,
62.0,2006.0,,,,,,19.0,,,
63.0,2006.0,,,,,,8.0,,,
64.0,2006.0,,,,,,10.0,,,
65.0,2006.0,,,,,,11.0,,,
66.0,2006.0,,,,,,5.0,,,
67.0,2006.0,,,,,,14.0,,,
68.0,2006.0,,,,,,17.0,,,
69.0,2006.0,,,,,,22.0,,,
70.0,2006.0,,,,,,18.0,,,
71.0,2005.0,,,,,,1.0,,,
72.0,2005.0,,,,,,2.0,,,
73.0,2005.0,,,,,,3.0,,,
74.0,2005.0,,,,,,21.0,,,
75.0,2005.0,,,,,,4.0,,,
76.0,2005.0,,,,,,6.0,,,
77.0,2005.0,,,,,,20.0,,,
78.0,2005.0,,,,,,7.0,,,
79.0,2005.0,,,,,,19.0,,,
80.0,2005.0,,,,,,8.0,,,
81.0,2005.0,,,,,,9.0,,,
82.0,2005.0,,,,,,10.0,,,
83.0,2005.0,,,,,,11.0,,,
84.0,2005.0,,,,,,5.0,,,
85.0,2005.0,,,,,,14.0,,,
86.0,2005.0,,,,,,13.0,,,
87.0,2005.0,,,,,,18.0,,,
88.0,2005.0,,,,,,22.0,,,
89.0,2005.0,,,,,,17.0,,,
90.0,2004.0,,,,,,1.0,,,
91.0,2004.0,,,,,,2.0,,,
92.0,2004.0,,,,,,3.0,,,
93.0,2004.0,,,,,,21.0,,,
94.0,2004.0,,,,,,4.0,,,
95.0,2004.0,,,,,,6.0,,,
96.0,2004.0,,,,,,20.0,,,
97.0,2004.0,,,,,,7.0,,,
98.0,2004.0,,,,,,19.0,,,
99.0,2004.0,,,,,,8.0,,,
100.0,2004.0,,,,,,9.0,,,
101.0,2004.0,,,,,,10.0,,,
102.0,2004.0,,,,,,11.0,,,
103.0,2004.0,,,,,,13.0,,,
104.0,2004.0,,,,,,14.0,,,
105.0,2004.0,,,,,,17.0,,,
106.0,2004.0,,,,,,22.0,,,
107.0,2004.0,,,,,,18.0,,,
108.0,2003.0,,,,,,1.0,,,
109.0,2003.0,,,,,,2.0,,,
110.0,2003.0,,,,,,18.0,,,
111.0,2003.0,,,,,,21.0,,,
112.0,2003.0,,,,,,4.0,,,
113.0,2003.0,,,,,,70.0,,,
114.0,2003.0,,,,,,6.0,,,
115.0,2003.0,,,,,,7.0,,,
116.0,2003.0,,,,,,20.0,,,
117.0,2003.0,,,,,,8.0,,,
118.0,2003.0,,,,,,9.0,,,
119.0,2003.0,,,,,,10.0,,,
120.0,2003.0,,,,,,11.0,,,
121.0,2003.0,,,,,,14.0,,,
122.0,2003.0,,,,,,19.0,,,
123.0,2003.0,,,,,,22.0,,,
124.0,2002.0,,,,,,1.0,,,
125.0,2002.0,,,,,,2.0,,,
126.0,2002.0,,,,,,18.0,,,
127.0,2002.0,,,,,,21.0,,,
128.0,2002.0,,,,,,4.0,,,
129.0,2002.0,,,,,,70.0,,,
130.0,2002.0,,,,,,6.0,,,
131.0,2002.0,,,,,,7.0,,,
132.0,2002.0,,,,,,20.0,,,
133.0,2002.0,,,,,,9.0,,,
134.0,2002.0,,,,,,8.0,,,
135.0,2002.0,,,,,,10.0,,,
136.0,2002.0,,,,,,11.0,,,
137.0,2002.0,,,,,,13.0,,,
138.0,2002.0,,,,,,14.0,,,
139.0,2002.0,,,,,,19.0,,,
140.0,2002.0,,,,,,22.0,,,
141.0,2001.0,,,,,,1.0,,,
142.0,2001.0,,,,,,2.0,,,
143.0,2001.0,,,,,,18.0,,,
144.0,2001.0,,,,,,21.0,,,
145.0,2001.0,,,,,,4.0,,,
146.0,2001.0,,,,,,70.0,,,
147.0,2001.0,,,,,,6.0,,,
148.0,2001.0,,,,,,7.0,,,
149.0,2001.0,,,,,,20.0,,,
150.0,2001.0,,,,,,8.0,,,
151.0,2001.0,,,,,,9.0,,,
152.0,2001.0,,,,,,10.0,,,
153.0,2001.0,,,,,,11.0,,,
154.0,2001.0,,,,,,13.0,,,
155.0,2001.0,,,,,,14.0,,,
156.0,2001.0,,,,,,19.0,,,
157.0,2001.0,,,,,,22.0,,,
158.0,2000.0,,,,,,1.0,,,
159.0,2000.0,,,,,,18.0,,,
160.0,2000.0,,,,,,21.0,,,
161.0,2000.0,,,,,,9.0,,,
162.0,2000.0,,,,,,4.0,,,
163.0,2000.0,,,,,,20.0,,,
164.0,2000.0,,,,,,6.0,,,
165.0,2000.0,,,,,,7.0,,,
166.0,2000.0,,,,,,8.0,,,
167.0,2000.0,,,,,,70.0,,,
168.0,2000.0,,,,,,10.0,,,
169.0,2000.0,,,,,,11.0,,,
170.0,2000.0,,,,,,13.0,,,
171.0,2000.0,,,,,,14.0,,,
172.0,2000.0,,,,,,19.0,,,
173.0,2000.0,,,,,,22.0,,,
174.0,2000.0,,,,,,2.0,,,
175.0,1999.0,,,,,,1.0,,,
176.0,1999.0,,,,,,18.0,,,
177.0,1999.0,,,,,,21.0,,,
178.0,1999.0,,,,,,6.0,,,
179.0,1999.0,,,,,,4.0,,,
180.0,1999.0,,,,,,7.0,,,
181.0,1999.0,,,,,,8.0,,,
182.0,1999.0,,,,,,9.0,,,
183.0,1999.0,,,,,,70.0,,,
184.0,1999.0,,,,,,10.0,,,
185.0,1999.0,,,,,,11.0,,,
186.0,1999.0,,,,,,13.0,,,
187.0,1999.0,,,,,,14.0,,,
188.0,1999.0,,,,,,20.0,,,
189.0,1999.0,,,,,,2.0,,,
190.0,1999.0,,,,,,22.0,,,
191.0,1998.0,,,,,,1.0,,,
192.0,1998.0,,,,,,18.0,,,
193.0,1998.0,,,,,,25.0,,,
194.0,1998.0,,,,,,21.0,,,
195.0,1998.0,,,,,,4.0,,,
196.0,1998.0,,,,,,6.0,,,
197.0,1998.0,,,,,,7.0,,,
198.0,1998.0,,,,,,8.0,,,
199.0,1998.0,,,,,,9.0,,,
200.0,1998.0,,,,,,70.0,,,
201.0,1998.0,,,,,,10.0,,,
202.0,1998.0,,,,,,11.0,,,
203.0,1998.0,,,,,,13.0,,,
204.0,1998.0,,,,,,14.0,,,
205.0,1998.0,,,,,,20.0,,,
206.0,1998.0,,,,,,22.0,,,
207.0,1997.0,,,,,,1.0,,,
208.0,1997.0,,,,,,18.0,,,
209.0,1997.0,,,,,,25.0,,,
210.0,1997.0,,,,,,21.0,,,
211.0,1997.0,,,,,,6.0,,,
212.0,1997.0,,,,,,4.0,,,
213.0,1997.0,,,,,,7.0,,,
214.0,1997.0,,,,,,8.0,,,
215.0,1997.0,,,,,,9.0,,,
216.0,1997.0,,,,,,10.0,,,
217.0,1997.0,,,,,,11.0,,,
218.0,1997.0,,,,,,13.0,,,
219.0,1997.0,,,,,,14.0,,,
220.0,1997.0,,,,,,70.0,,,
221.0,1997.0,,,,,,20.0,,,
222.0,1997.0,,,,,,22.0,,,
223.0,1997.0,,,,,,26.0,,,
224.0,1996.0,,,,,,1.0,,,
225.0,1996.0,,,,,,18.0,,,
226.0,1996.0,,,,,,25.0,,,
227.0,1996.0,,,,,,20.0,,,
228.0,1996.0,,,,,,21.0,,,
229.0,1996.0,,,,,,6.0,,,
230.0,1996.0,,,,,,4.0,,,
231.0,1996.0,,,,,,7.0,,,
232.0,1996.0,,,,,,8.0,,,
233.0,1996.0,,,,,,9.0,,,
234.0,1996.0,,,,,,10.0,,,
235.0,1996.0,,,,,,11.0,,,
236.0,1996.0,,,,,,13.0,,,
237.0,1996.0,,,,,,14.0,,,
238.0,1996.0,,,,,,27.0,,,
239.0,1996.0,,,,,,22.0,,,
240.0,1995.0,,,,,,18.0,,,
241.0,1995.0,,,,,,25.0,,,
242.0,1995.0,,,,,,21.0,,,
243.0,1995.0,,,,,,4.0,,,
244.0,1995.0,,,,,,6.0,,,
245.0,1995.0,,,,,,7.0,,,
246.0,1995.0,,,,,,8.0,,,
247.0,1995.0,,,,,,9.0,,,
248.0,1995.0,,,,,,10.0,,,
249.0,1995.0,,,,,,11.0,,,
250.0,1995.0,,,,,,13.0,,,
251.0,1995.0,,,,,,14.0,,,
252.0,1995.0,,,,,,27.0,,,
253.0,1995.0,,,,,,20.0,,,
254.0,1995.0,,,,,,28.0,,,
255.0,1995.0,,,,,,22.0,,,
256.0,1995.0,,,,,,29.0,,,
257.0,1994.0,,,,,,18.0,,,
258.0,1994.0,,,,,,28.0,,,
259.0,1994.0,,,,,,21.0,,,
260.0,1994.0,,,,,,6.0,,,
261.0,1994.0,,,,,,4.0,,,
262.0,1994.0,,,,,,7.0,,,
263.0,1994.0,,,,,,8.0,,,
264.0,1994.0,,,,,,9.0,,,
265.0,1994.0,,,,,,10.0,,,
266.0,1994.0,,,,,,11.0,,,
267.0,1994.0,,,,,,13.0,,,
268.0,1994.0,,,,,,14.0,,,
269.0,1994.0,,,,,,27.0,,,
270.0,1994.0,,,,,,26.0,,,
271.0,1994.0,,,,,,22.0,,,
272.0,1994.0,,,,,,29.0,,,
273.0,1993.0,,,,,,30.0,,,
274.0,1993.0,,,,,,18.0,,,
275.0,1993.0,,,,,,31.0,,,
276.0,1993.0,,,,,,21.0,,,
277.0,1993.0,,,,,,4.0,,,
278.0,1993.0,,,,,,6.0,,,
279.0,1993.0,,,,,,7.0,,,
280.0,1993.0,,,,,,8.0,,,
281.0,1993.0,,,,,,9.0,,,
282.0,1993.0,,,,,,10.0,,,
283.0,1993.0,,,,,,11.0,,,
284.0,1993.0,,,,,,13.0,,,
285.0,1993.0,,,,,,14.0,,,
286.0,1993.0,,,,,,27.0,,,
287.0,1993.0,,,,,,22.0,,,
288.0,1993.0,,,,,,29.0,,,
289.0,1992.0,,,,,,30.0,,,
290.0,1992.0,,,,,,32.0,,,
291.0,1992.0,,,,,,18.0,,,
292.0,1992.0,,,,,,4.0,,,
293.0,1992.0,,,,,,21.0,,,
294.0,1992.0,,,,,,6.0,,,
295.0,1992.0,,,,,,7.0,,,
296.0,1992.0,,,,,,8.0,,,
297.0,1992.0,,,,,,9.0,,,
298.0,1992.0,,,,,,10.0,,,
299.0,1992.0,,,,,,11.0,,,
300.0,1992.0,,,,,,13.0,,,
301.0,1992.0,,,,,,14.0,,,
302.0,1992.0,,,,,,27.0,,,
303.0,1992.0,,,,,,22.0,,,
304.0,1992.0,,,,,,29.0,,,
305.0,1991.0,,,,,,33.0,,,
306.0,1991.0,,,,,,18.0,,,
307.0,1991.0,,,,,,21.0,,,
308.0,1991.0,,,,,,6.0,,,
309.0,1991.0,,,,,,7.0,,,
310.0,1991.0,,,,,,32.0,,,
311.0,1991.0,,,,,,8.0,,,
312.0,1991.0,,,,,,9.0,,,
313.0,1991.0,,,,,,10.0,,,
314.0,1991.0,,,,,,11.0,,,
315.0,1991.0,,,,,,13.0,,,
316.0,1991.0,,,,,,14.0,,,
317.0,1991.0,,,,,,27.0,,,
318.0,1991.0,,,,,,4.0,,,
319.0,1991.0,,,,,,22.0,,,
320.0,1991.0,,,,,,29.0,,,
321.0,1990.0,,,,,,33.0,,,
322.0,1990.0,,,,,,18.0,,,
323.0,1990.0,,,,,,21.0,,,
324.0,1990.0,,,,,,6.0,,,
325.0,1990.0,,,,,,7.0,,,
326.0,1990.0,,,,,,32.0,,,
327.0,1990.0,,,,,,34.0,,,
328.0,1990.0,,,,,,9.0,,,
329.0,1990.0,,,,,,10.0,,,
330.0,1990.0,,,,,,11.0,,,
331.0,1990.0,,,,,,13.0,,,
332.0,1990.0,,,,,,14.0,,,
333.0,1990.0,,,,,,27.0,,,
334.0,1990.0,,,,,,26.0,,,
335.0,1990.0,,,,,,22.0,,,
336.0,1990.0,,,,,,29.0,,,
337.0,2010.0,,,,,,3.0,,,
338.0,2010.0,,,,,,1.0,,,
339.0,2010.0,,,,,,2.0,,,
340.0,2010.0,,,,,,17.0,,,
341.0,2010.0,,,,,,4.0,,,
342.0,2010.0,,,,,,6.0,,,
343.0,2010.0,,,,,,5.0,,,
344.0,2010.0,,,,,,7.0,,,
345.0,2010.0,,,,,,12.0,,,
346.0,2010.0,,,,,,9.0,,,
347.0,2010.0,,,,,,10.0,,,
348.0,2010.0,,,,,,11.0,,,
349.0,2010.0,,,,,,13.0,,,
350.0,2010.0,,,,,,14.0,,,
351.0,2010.0,,,,,,15.0,,,
352.0,2010.0,,,,,,22.0,,,
353.0,2010.0,,,,,,35.0,,,
354.0,2010.0,,,,,,18.0,,,
355.0,2010.0,,,,,,24.0,,,
356.0,1989.0,,,,,,36.0,,,
357.0,1989.0,,,,,,21.0,,,
358.0,1989.0,,,,,,6.0,,,
359.0,1989.0,,,,,,32.0,,,
360.0,1989.0,,,,,,33.0,,,
361.0,1989.0,,,,,,7.0,,,
362.0,1989.0,,,,,,34.0,,,
363.0,1989.0,,,,,,9.0,,,
364.0,1989.0,,,,,,10.0,,,
365.0,1989.0,,,,,,11.0,,,
366.0,1989.0,,,,,,13.0,,,
367.0,1989.0,,,,,,14.0,,,
368.0,1989.0,,,,,,27.0,,,
369.0,1989.0,,,,,,26.0,,,
370.0,1989.0,,,,,,22.0,,,
371.0,1989.0,,,,,,29.0,,,
372.0,1988.0,,,,,,36.0,,,
373.0,1988.0,,,,,,21.0,,,
374.0,1988.0,,,,,,6.0,,,
375.0,1988.0,,,,,,32.0,,,
376.0,1988.0,,,,,,7.0,,,
377.0,1988.0,,,,,,37.0,,,
378.0,1988.0,,,,,,34.0,,,
379.0,1988.0,,,,,,9.0,,,
380.0,1988.0,,,,,,10.0,,,
381.0,1988.0,,,,,,11.0,,,
382.0,1988.0,,,,,,13.0,,,
383.0,1988.0,,,,,,14.0,,,
384.0,1988.0,,,,,,27.0,,,
385.0,1988.0,,,,,,26.0,,,
386.0,1988.0,,,,,,22.0,,,
387.0,1988.0,,,,,,29.0,,,
388.0,1987.0,,,,,,36.0,,,
389.0,1987.0,,,,,,21.0,,,
390.0,1987.0,,,,,,13.0,,,
391.0,1987.0,,,,,,6.0,,,
392.0,1987.0,,,,,,37.0,,,
393.0,1987.0,,,,,,34.0,,,
394.0,1987.0,,,,,,9.0,,,
395.0,1987.0,,,,,,10.0,,,
396.0,1987.0,,,,,,11.0,,,
397.0,1987.0,,,,,,70.0,,,
398.0,1987.0,,,,,,14.0,,,
399.0,1987.0,,,,,,27.0,,,
400.0,1987.0,,,,,,26.0,,,
401.0,1987.0,,,,,,32.0,,,
402.0,1987.0,,,,,,22.0,,,
403.0,1987.0,,,,,,29.0,,,
404.0,1986.0,,,,,,36.0,,,
405.0,1986.0,,,,,,26.0,,,
406.0,1986.0,,,,,,21.0,,,
407.0,1986.0,,,,,,6.0,,,
408.0,1986.0,,,,,,13.0,,,
409.0,1986.0,,,,,,7.0,,,
410.0,1986.0,,,,,,37.0,,,
411.0,1986.0,,,,,,34.0,,,
412.0,1986.0,,,,,,38.0,,,
413.0,1986.0,,,,,,10.0,,,
414.0,1986.0,,,,,,11.0,,,
415.0,1986.0,,,,,,70.0,,,
416.0,1986.0,,,,,,14.0,,,
417.0,1986.0,,,,,,27.0,,,
418.0,1986.0,,,,,,32.0,,,
419.0,1986.0,,,,,,29.0,,,
420.0,1985.0,,,,,,36.0,,,
421.0,1985.0,,,,,,27.0,,,
422.0,1985.0,,,,,,21.0,,,
423.0,1985.0,,,,,,6.0,,,
424.0,1985.0,,,,,,7.0,,,
425.0,1985.0,,,,,,37.0,,,
426.0,1985.0,,,,,,34.0,,,
427.0,1985.0,,,,,,9.0,,,
428.0,1985.0,,,,,,20.0,,,
429.0,1985.0,,,,,,70.0,,,
430.0,1985.0,,,,,,39.0,,,
431.0,1985.0,,,,,,14.0,,,
432.0,1985.0,,,,,,13.0,,,
433.0,1985.0,,,,,,38.0,,,
434.0,1985.0,,,,,,30.0,,,
435.0,1985.0,,,,,,29.0,,,
436.0,1984.0,,,,,,36.0,,,
437.0,1984.0,,,,,,30.0,,,
438.0,1984.0,,,,,,40.0,,,
439.0,1984.0,,,,,,21.0,,,
440.0,1984.0,,,,,,41.0,,,
441.0,1984.0,,,,,,6.0,,,
442.0,1984.0,,,,,,7.0,,,
443.0,1984.0,,,,,,37.0,,,
444.0,1984.0,,,,,,42.0,,,
445.0,1984.0,,,,,,38.0,,,
446.0,1984.0,,,,,,10.0,,,
447.0,1984.0,,,,,,70.0,,,
448.0,1984.0,,,,,,39.0,,,
449.0,1984.0,,,,,,14.0,,,
450.0,1984.0,,,,,,20.0,,,
451.0,1984.0,,,,,,27.0,,,
452.0,1983.0,,,,,,36.0,,,
453.0,1983.0,,,,,,43.0,,,
454.0,1983.0,,,,,,34.0,,,
455.0,1983.0,,,,,,21.0,,,
456.0,1983.0,,,,,,6.0,,,
457.0,1983.0,,,,,,13.0,,,
458.0,1983.0,,,,,,37.0,,,
459.0,1983.0,,,,,,7.0,,,
460.0,1983.0,,,,,,9.0,,,
461.0,1983.0,,,,,,10.0,,,
462.0,1983.0,,,,,,70.0,,,
463.0,1983.0,,,,,,39.0,,,
464.0,1983.0,,,,,,14.0,,,
465.0,1983.0,,,,,,38.0,,,
466.0,1983.0,,,,,,30.0,,,
467.0,1982.0,,,,,,30.0,,,
468.0,1982.0,,,,,,36.0,,,
469.0,1982.0,,,,,,43.0,,,
470.0,1982.0,,,,,,21.0,,,
471.0,1982.0,,,,,,40.0,,,
472.0,1982.0,,,,,,6.0,,,
473.0,1982.0,,,,,,37.0,,,
474.0,1982.0,,,,,,7.0,,,
475.0,1982.0,,,,,,39.0,,,
476.0,1982.0,,,,,,38.0,,,
477.0,1982.0,,,,,,34.0,,,
478.0,1982.0,,,,,,10.0,,,
479.0,1982.0,,,,,,70.0,,,
480.0,1982.0,,,,,,41.0,,,
481.0,1982.0,,,,,,14.0,,,
482.0,1982.0,,,,,,44.0,,,
483.0,1981.0,,,,,,43.0,,,
484.0,1981.0,,,,,,36.0,,,
485.0,1981.0,,,,,,25.0,,,
486.0,1981.0,,,,,,21.0,,,
487.0,1981.0,,,,,,40.0,,,
488.0,1981.0,,,,,,6.0,,,
489.0,1981.0,,,,,,45.0,,,
490.0,1981.0,,,,,,41.0,,,
491.0,1981.0,,,,,,9.0,,,
492.0,1981.0,,,,,,10.0,,,
493.0,1981.0,,,,,,70.0,,,
494.0,1981.0,,,,,,39.0,,,
495.0,1981.0,,,,,,14.0,,,
496.0,1981.0,,,,,,7.0,,,
497.0,1981.0,,,,,,44.0,,,
498.0,1980.0,,,,,,25.0,,,
499.0,1980.0,,,,,,18.0,,,
500.0,1980.0,,,,,,30.0,,,
501.0,1980.0,,,,,,43.0,,,
502.0,1980.0,,,,,,40.0,,,
503.0,1980.0,,,,,,6.0,,,
504.0,1980.0,,,,,,34.0,,,
505.0,1980.0,,,,,,38.0,,,
506.0,1980.0,,,,,,10.0,,,
507.0,1980.0,,,,,,70.0,,,
508.0,1980.0,,,,,,39.0,,,
509.0,1980.0,,,,,,21.0,,,
510.0,1980.0,,,,,,7.0,,,
511.0,1980.0,,,,,,46.0,,,
512.0,1979.0,,,,,,25.0,,,
513.0,1979.0,,,,,,18.0,,,
514.0,1979.0,,,,,,30.0,,,
515.0,1979.0,,,,,,43.0,,,
516.0,1979.0,,,,,,45.0,,,
517.0,1979.0,,,,,,40.0,,,
518.0,1979.0,,,,,,6.0,,,
519.0,1979.0,,,,,,41.0,,,
520.0,1979.0,,,,,,9.0,,,
521.0,1979.0,,,,,,10.0,,,
522.0,1979.0,,,,,,70.0,,,
523.0,1979.0,,,,,,39.0,,,
524.0,1979.0,,,,,,14.0,,,
525.0,1979.0,,,,,,7.0,,,
526.0,1979.0,,,,,,46.0,,,
527.0,1978.0,,,,,,25.0,,,
528.0,1978.0,,,,,,36.0,,,
529.0,1978.0,,,,,,30.0,,,
530.0,1978.0,,,,,,43.0,,,
531.0,1978.0,,,,,,6.0,,,
532.0,1978.0,,,,,,40.0,,,
533.0,1978.0,,,,,,45.0,,,
534.0,1978.0,,,,,,47.0,,,
535.0,1978.0,,,,,,34.0,,,
536.0,1978.0,,,,,,38.0,,,
537.0,1978.0,,,,,,10.0,,,
538.0,1978.0,,,,,,70.0,,,
539.0,1978.0,,,,,,39.0,,,
540.0,1978.0,,,,,,14.0,,,
541.0,1978.0,,,,,,46.0,,,
542.0,1978.0,,,,,,7.0,,,
543.0,1977.0,,,,,,25.0,,,
544.0,1977.0,,,,,,18.0,,,
545.0,1977.0,,,,,,30.0,,,
546.0,1977.0,,,,,,43.0,,,
547.0,1977.0,,,,,,45.0,,,
548.0,1977.0,,,,,,6.0,,,
549.0,1977.0,,,,,,40.0,,,
550.0,1977.0,,,,,,47.0,,,
551.0,1977.0,,,,,,41.0,,,
552.0,1977.0,,,,,,9.0,,,
553.0,1977.0,,,,,,10.0,,,
554.0,1977.0,,,,,,70.0,,,
555.0,1977.0,,,,,,39.0,,,
556.0,1977.0,,,,,,14.0,,,
557.0,1977.0,,,,,,46.0,,,
558.0,1977.0,,,,,,48.0,,,
559.0,1977.0,,,,,,16.0,,,
560.0,1976.0,,,,,,18.0,,,
561.0,1976.0,,,,,,30.0,,,
562.0,1976.0,,,,,,43.0,,,
563.0,1976.0,,,,,,45.0,,,
564.0,1976.0,,,,,,40.0,,,
565.0,1976.0,,,,,,6.0,,,
566.0,1976.0,,,,,,47.0,,,
567.0,1976.0,,,,,,34.0,,,
568.0,1976.0,,,,,,38.0,,,
569.0,1976.0,,,,,,20.0,,,
570.0,1976.0,,,,,,70.0,,,
571.0,1976.0,,,,,,39.0,,,
572.0,1976.0,,,,,,14.0,,,
573.0,1976.0,,,,,,48.0,,,
574.0,1976.0,,,,,,46.0,,,
575.0,1976.0,,,,,,16.0,,,
576.0,1975.0,,,,,,25.0,,,
577.0,1975.0,,,,,,18.0,,,
578.0,1975.0,,,,,,30.0,,,
579.0,1975.0,,,,,,49.0,,,
580.0,1975.0,,,,,,6.0,,,
581.0,1975.0,,,,,,40.0,,,
582.0,1975.0,,,,,,47.0,,,
583.0,1975.0,,,,,,39.0,,,
584.0,1975.0,,,,,,34.0,,,
585.0,1975.0,,,,,,9.0,,,
586.0,1975.0,,,,,,20.0,,,
587.0,1975.0,,,,,,70.0,,,
588.0,1975.0,,,,,,14.0,,,
589.0,1975.0,,,,,,46.0,,,
590.0,1974.0,,,,,,25.0,,,
591.0,1974.0,,,,,,18.0,,,
592.0,1974.0,,,,,,30.0,,,
593.0,1974.0,,,,,,45.0,,,
594.0,1974.0,,,,,,50.0,,,
595.0,1974.0,,,,,,6.0,,,
596.0,1974.0,,,,,,47.0,,,
597.0,1974.0,,,,,,39.0,,,
598.0,1974.0,,,,,,41.0,,,
599.0,1974.0,,,,,,38.0,,,
600.0,1974.0,,,,,,20.0,,,
601.0,1974.0,,,,,,70.0,,,
602.0,1974.0,,,,,,14.0,,,
603.0,1974.0,,,,,,48.0,,,
604.0,1974.0,,,,,,46.0,,,
605.0,1973.0,,,,,,25.0,,,
606.0,1973.0,,,,,,18.0,,,
607.0,1973.0,,,,,,30.0,,,
608.0,1973.0,,,,,,49.0,,,
609.0,1973.0,,,,,,40.0,,,
610.0,1973.0,,,,,,6.0,,,
611.0,1973.0,,,,,,47.0,,,
612.0,1973.0,,,,,,34.0,,,
613.0,1973.0,,,,,,9.0,,,
614.0,1973.0,,,,,,39.0,,,
615.0,1973.0,,,,,,20.0,,,
616.0,1973.0,,,,,,70.0,,,
617.0,1973.0,,,,,,14.0,,,
618.0,1973.0,,,,,,48.0,,,
619.0,1973.0,,,,,,46.0,,,
620.0,1972.0,,,,,,25.0,,,
621.0,1972.0,,,,,,30.0,,,
622.0,1972.0,,,,,,45.0,,,
623.0,1972.0,,,,,,6.0,,,
624.0,1972.0,,,,,,50.0,,,
625.0,1972.0,,,,,,51.0,,,
626.0,1972.0,,,,,,38.0,,,
627.0,1972.0,,,,,,20.0,,,
628.0,1972.0,,,,,,70.0,,,
629.0,1972.0,,,,,,14.0,,,
630.0,1972.0,,,,,,48.0,,,
631.0,1972.0,,,,,,46.0,,,
632.0,1971.0,,,,,,30.0,,,
633.0,1971.0,,,,,,49.0,,,
634.0,1971.0,,,,,,6.0,,,
635.0,1971.0,,,,,,39.0,,,
636.0,1971.0,,,,,,34.0,,,
637.0,1971.0,,,,,,9.0,,,
638.0,1971.0,,,,,,20.0,,,
639.0,1971.0,,,,,,70.0,,,
640.0,1971.0,,,,,,14.0,,,
641.0,1971.0,,,,,,48.0,,,
642.0,1971.0,,,,,,46.0,,,
643.0,1970.0,,,,,,30.0,,,
644.0,1970.0,,,,,,45.0,,,
645.0,1970.0,,,,,,6.0,,,
646.0,1970.0,,,,,,13.0,,,
647.0,1970.0,,,,,,39.0,,,
648.0,1970.0,,,,,,51.0,,,
649.0,1970.0,,,,,,38.0,,,
650.0,1970.0,,,,,,10.0,,,
651.0,1970.0,,,,,,70.0,,,
652.0,1970.0,,,,,,14.0,,,
653.0,1970.0,,,,,,52.0,,,
654.0,1970.0,,,,,,46.0,,,
655.0,1970.0,,,,,,32.0,,,
656.0,1969.0,,,,,,30.0,,,
657.0,1969.0,,,,,,49.0,,,
658.0,1969.0,,,,,,6.0,,,
659.0,1969.0,,,,,,39.0,,,
660.0,1969.0,,,,,,51.0,,,
661.0,1969.0,,,,,,9.0,,,
662.0,1969.0,,,,,,20.0,,,
663.0,1969.0,,,,,,14.0,,,
664.0,1969.0,,,,,,48.0,,,
665.0,1969.0,,,,,,46.0,,,
666.0,1969.0,,,,,,32.0,,,
667.0,1968.0,,,,,,30.0,,,
668.0,1968.0,,,,,,45.0,,,
669.0,1968.0,,,,,,6.0,,,
670.0,1968.0,,,,,,13.0,,,
671.0,1968.0,,,,,,39.0,,,
672.0,1968.0,,,,,,53.0,,,
673.0,1968.0,,,,,,38.0,,,
674.0,1968.0,,,,,,20.0,,,
675.0,1968.0,,,,,,14.0,,,
676.0,1968.0,,,,,,52.0,,,
677.0,1968.0,,,,,,46.0,,,
678.0,1968.0,,,,,,32.0,,,
679.0,1967.0,,,,,,30.0,,,
680.0,1967.0,,,,,,6.0,,,
681.0,1967.0,,,,,,39.0,,,
682.0,1967.0,,,,,,13.0,,,
683.0,1967.0,,,,,,54.0,,,
684.0,1967.0,,,,,,9.0,,,
685.0,1967.0,,,,,,20.0,,,
686.0,1967.0,,,,,,48.0,,,
687.0,1967.0,,,,,,14.0,,,
688.0,1967.0,,,,,,46.0,,,
689.0,1967.0,,,,,,32.0,,,
690.0,1966.0,,,,,,6.0,,,
691.0,1966.0,,,,,,13.0,,,
692.0,1966.0,,,,,,55.0,,,
693.0,1966.0,,,,,,38.0,,,
694.0,1966.0,,,,,,39.0,,,
695.0,1966.0,,,,,,20.0,,,
696.0,1966.0,,,,,,14.0,,,
697.0,1966.0,,,,,,46.0,,,
698.0,1966.0,,,,,,32.0,,,
699.0,1965.0,,,,,,56.0,,,
700.0,1965.0,,,,,,6.0,,,
701.0,1965.0,,,,,,13.0,,,
702.0,1965.0,,,,,,51.0,,,
703.0,1965.0,,,,,,9.0,,,
704.0,1965.0,,,,,,39.0,,,
705.0,1965.0,,,,,,20.0,,,
706.0,1965.0,,,,,,14.0,,,
707.0,1965.0,,,,,,46.0,,,
708.0,1965.0,,,,,,32.0,,,
709.0,1964.0,,,,,,6.0,,,
710.0,1964.0,,,,,,39.0,,,
711.0,1964.0,,,,,,13.0,,,
712.0,1964.0,,,,,,53.0,,,
713.0,1964.0,,,,,,38.0,,,
714.0,1964.0,,,,,,20.0,,,
715.0,1964.0,,,,,,57.0,,,
716.0,1964.0,,,,,,14.0,,,
717.0,1964.0,,,,,,46.0,,,
718.0,1964.0,,,,,,32.0,,,
719.0,1963.0,,,,,,6.0,,,
720.0,1963.0,,,,,,13.0,,,
721.0,1963.0,,,,,,39.0,,,
722.0,1963.0,,,,,,55.0,,,
723.0,1963.0,,,,,,9.0,,,
724.0,1963.0,,,,,,20.0,,,
725.0,1963.0,,,,,,14.0,,,
726.0,1963.0,,,,,,46.0,,,
727.0,1963.0,,,,,,32.0,,,
728.0,1963.0,,,,,,56.0,,,
729.0,1962.0,,,,,,39.0,,,
730.0,1962.0,,,,,,6.0,,,
731.0,1962.0,,,,,,13.0,,,
732.0,1962.0,,,,,,53.0,,,
733.0,1962.0,,,,,,58.0,,,
734.0,1962.0,,,,,,20.0,,,
735.0,1962.0,,,,,,14.0,,,
736.0,1962.0,,,,,,46.0,,,
737.0,1962.0,,,,,,56.0,,,
738.0,1961.0,,,,,,6.0,,,
739.0,1961.0,,,,,,39.0,,,
740.0,1961.0,,,,,,13.0,,,
741.0,1961.0,,,,,,55.0,,,
742.0,1961.0,,,,,,58.0,,,
743.0,1961.0,,,,,,20.0,,,
744.0,1961.0,,,,,,14.0,,,
745.0,1961.0,,,,,,46.0,,,
746.0,1960.0,,,,,,25.0,,,
747.0,1960.0,,,,,,6.0,,,
748.0,1960.0,,,,,,19.0,,,
749.0,1960.0,,,,,,39.0,,,
750.0,1960.0,,,,,,13.0,,,
751.0,1960.0,,,,,,55.0,,,
752.0,1960.0,,,,,,9.0,,,
753.0,1960.0,,,,,,59.0,,,
754.0,1960.0,,,,,,14.0,,,
755.0,1960.0,,,,,,60.0,,,
756.0,1959.0,,,,,,6.0,,,
757.0,1959.0,,,,,,19.0,,,
758.0,1959.0,,,,,,39.0,,,
759.0,1959.0,,,,,,55.0,,,
760.0,1959.0,,,,,,58.0,,,
761.0,1959.0,,,,,,61.0,,,
762.0,1959.0,,,,,,62.0,,,
763.0,1959.0,,,,,,14.0,,,
764.0,1959.0,,,,,,63.0,,,
765.0,1958.0,,,,,,25.0,,,
766.0,1958.0,,,,,,6.0,,,
767.0,1958.0,,,,,,39.0,,,
768.0,1958.0,,,,,,19.0,,,
769.0,1958.0,,,,,,13.0,,,
770.0,1958.0,,,,,,55.0,,,
771.0,1958.0,,,,,,9.0,,,
772.0,1958.0,,,,,,20.0,,,
773.0,1958.0,,,,,,59.0,,,
774.0,1958.0,,,,,,14.0,,,
775.0,1958.0,,,,,,64.0,,,
776.0,1957.0,,,,,,25.0,,,
777.0,1957.0,,,,,,6.0,,,
778.0,1957.0,,,,,,19.0,,,
779.0,1957.0,,,,,,53.0,,,
780.0,1957.0,,,,,,58.0,,,
781.0,1957.0,,,,,,20.0,,,
782.0,1957.0,,,,,,65.0,,,
783.0,1957.0,,,,,,14.0,,,
784.0,1956.0,,,,,,25.0,,,
785.0,1956.0,,,,,,6.0,,,
786.0,1956.0,,,,,,19.0,,,
787.0,1956.0,,,,,,13.0,,,
788.0,1956.0,,,,,,55.0,,,
789.0,1956.0,,,,,,9.0,,,
790.0,1956.0,,,,,,20.0,,,
791.0,1956.0,,,,,,14.0,,,
792.0,1955.0,,,,,,25.0,,,
793.0,1955.0,,,,,,6.0,,,
794.0,1955.0,,,,,,19.0,,,
795.0,1955.0,,,,,,13.0,,,
796.0,1955.0,,,,,,39.0,,,
797.0,1955.0,,,,,,58.0,,,
798.0,1955.0,,,,,,14.0,,,
799.0,1954.0,,,,,,25.0,,,
800.0,1954.0,,,,,,19.0,,,
801.0,1954.0,,,,,,13.0,,,
802.0,1954.0,,,,,,55.0,,,
803.0,1954.0,,,,,,9.0,,,
804.0,1954.0,,,,,,20.0,,,
805.0,1954.0,,,,,,66.0,,,
806.0,1954.0,,,,,,14.0,,,
807.0,1954.0,,,,,,67.0,,,
808.0,1953.0,,,,,,25.0,,,
809.0,1953.0,,,,,,19.0,,,
810.0,1953.0,,,,,,39.0,,,
811.0,1953.0,,,,,,13.0,,,
812.0,1953.0,,,,,,55.0,,,
813.0,1953.0,,,,,,9.0,,,
814.0,1953.0,,,,,,20.0,,,
815.0,1953.0,,,,,,66.0,,,
816.0,1953.0,,,,,,14.0,,,
817.0,1952.0,,,,,,66.0,,,
818.0,1952.0,,,,,,19.0,,,
819.0,1952.0,,,,,,13.0,,,
820.0,1952.0,,,,,,53.0,,,
821.0,1952.0,,,,,,9.0,,,
822.0,1952.0,,,,,,20.0,,,
823.0,1952.0,,,,,,39.0,,,
824.0,1952.0,,,,,,14.0,,,
825.0,1951.0,,,,,,66.0,,,
826.0,1951.0,,,,,,19.0,,,
827.0,1951.0,,,,,,13.0,,,
828.0,1951.0,,,,,,55.0,,,
829.0,1951.0,,,,,,9.0,,,
830.0,1951.0,,,,,,20.0,,,
831.0,1951.0,,,,,,14.0,,,
832.0,1951.0,,,,,,67.0,,,
833.0,1950.0,,,,,,9.0,,,
834.0,1950.0,,,,,,6.0,,,
835.0,1950.0,,,,,,19.0,,,
836.0,1950.0,,,,,,66.0,,,
837.0,1950.0,,,,,,13.0,,,
838.0,1950.0,,,,,,55.0,,,
839.0,1950.0,,,,,,14.0,,,
841.0,2011.0,,,,,,1.0,,,
842.0,2011.0,,,,,,2.0,,,
843.0,2011.0,,,,,,17.0,,,
844.0,2011.0,,,,,,5.0,,,
845.0,2011.0,,,,,,4.0,,,
846.0,2011.0,,,,,,6.0,,,
847.0,2011.0,,,,,,7.0,,,
848.0,2011.0,,,,,,12.0,,,
849.0,2011.0,,,,,,9.0,,,
850.0,2011.0,,,,,,20.0,,,
851.0,2011.0,,,,,,11.0,,,
852.0,2011.0,,,,,,13.0,,,
853.0,2011.0,,,,,,14.0,,,
854.0,2011.0,,,,,,15.0,,,
855.0,2011.0,,,,,,22.0,,,
856.0,2011.0,,,,,,35.0,,,
857.0,2011.0,,,,,,68.0,,,
858.0,2011.0,,,,,,24.0,,,
859.0,2011.0,,,,,,18.0,,,
860.0,2012.0,,,,,,1.0,,,
861.0,2012.0,,,,,,2.0,,,
862.0,2012.0,,,,,,17.0,,,
863.0,2012.0,,,,,,3.0,,,
864.0,2012.0,,,,,,4.0,,,
865.0,2012.0,,,,,,6.0,,,
866.0,2012.0,,,,,,7.0,,,
867.0,2012.0,,,,,,12.0,,,
868.0,2012.0,,,,,,9.0,,,
869.0,2012.0,,,,,,10.0,,,
870.0,2012.0,,,,,,11.0,,,
871.0,2012.0,,,,,,13.0,,,
872.0,2012.0,,,,,,14.0,,,
873.0,2012.0,,,,,,15.0,,,
874.0,2012.0,,,,,,22.0,,,
875.0,2012.0,,,,,,35.0,,,
876.0,2012.0,,,,,,68.0,,,
877.0,2012.0,,,,,,24.0,,,
878.0,2012.0,,,,,,69.0,,,
879.0,2012.0,,,,,,18.0,,,
880.0,2013.0,,,,,,1.0,,,
881.0,2013.0,,,,,,2.0,,,
882.0,2013.0,,,,,,17.0,,,
883.0,2013.0,,,,,,3.0,,,
884.0,2013.0,,,,,,4.0,,,
885.0,2013.0,,,,,,6.0,,,
886.0,2013.0,,,,,,7.0,,,
887.0,2013.0,,,,,,9.0,,,
888.0,2013.0,,,,,,20.0,,,
890.0,2013.0,,,,,,11.0,,,
891.0,2013.0,,,,,,13.0,,,
892.0,2013.0,,,,,,14.0,,,
893.0,2013.0,,,,,,15.0,,,
894.0,2013.0,,,,,,35.0,,,
895.0,2013.0,,,,,,22.0,,,
896.0,2013.0,,,,,,68.0,,,
897.0,2013.0,,,,,,24.0,,,
898.0,2013.0,,,,,,69.0,,,
899.0,2013.0,,,,,,18.0,,,
900.0,2014.0,,,,,,1.0,,,
901.0,2014.0,,,,,,2.0,,,
902.0,2014.0,,,,,,3.0,,,
903.0,2014.0,,,,,,17.0,,,
904.0,2014.0,,,,,,4.0,,,
905.0,2014.0,,,,,,6.0,,,
906.0,2014.0,,,,,,7.0,,,
907.0,2014.0,,,,,,70.0,,,
908.0,2014.0,,,,,,9.0,,,
909.0,2014.0,,,,,,10.0,,,
910.0,2014.0,,,,,,11.0,,,
911.0,2014.0,,,,,,13.0,,,
912.0,2014.0,,,,,,14.0,,,
913.0,2014.0,,,,,,15.0,,,
914.0,2014.0,,,,,,22.0,,,
915.0,2014.0,,,,,,71.0,,,
916.0,2014.0,,,,,,69.0,,,
917.0,2014.0,,,,,,18.0,,,
918.0,2014.0,,,,,,24.0,,,
931.0,2015.0,,,,,,6.0,,,
932.0,2015.0,,,,,,7.0,,,
929.0,2015.0,,,,,,3.0,,,
930.0,2015.0,,,,,,4.0,,,
928.0,2015.0,,,,,,17.0,,,
926.0,2015.0,,,,,,1.0,,,
927.0,2015.0,,,,,,2.0,,,
933.0,2015.0,,,,,,70.0,,,
934.0,2015.0,,,,,,9.0,,,
936.0,2015.0,,,,,,11.0,,,
937.0,2015.0,,,,,,13.0,,,
938.0,2015.0,,,,,,14.0,,,
939.0,2015.0,,,,,,15.0,,,
940.0,2015.0,,,,,,22.0,,,
941.0,2015.0,,,,,,71.0,,,
942.0,2015.0,,,,,,69.0,,,
943.0,2015.0,,,,,,32.0,,,
944.0,2015.0,,,,,,18.0,,,
945.0,2015.0,,,,,,24.0,,,
948.0,2016.0,,,,,,1.0,,,
949.0,2016.0,,,,,,3.0,,,
950.0,2016.0,,,,,,17.0,,,
951.0,2016.0,,,,,,71.0,,,
952.0,2016.0,,,,,,4.0,,,
953.0,2016.0,,,,,,6.0,,,
954.0,2016.0,,,,,,7.0,,,
955.0,2016.0,,,,,,73.0,,,
956.0,2016.0,,,,,,70.0,,,
957.0,2016.0,,,,,,9.0,,,
958.0,2016.0,,,,,,11.0,,,
959.0,2016.0,,,,,,10.0,,,
960.0,2016.0,,,,,,13.0,,,
961.0,2016.0,,,,,,14.0,,,
962.0,2016.0,,,,,,15.0,,,
963.0,2016.0,,,,,,2.0,,,
964.0,2016.0,,,,,,22.0,,,
965.0,2016.0,,,,,,69.0,,,
966.0,2016.0,,,,,,32.0,,,
967.0,2016.0,,,,,,18.0,,,
968.0,2016.0,,,,,,24.0,,,
969.0,2017.0,,,,,,1.0,,,
970.0,2017.0,,,,,,17.0,,,
971.0,2017.0,,,,,,3.0,,,
972.0,2017.0,,,,,,71.0,,,
973.0,2017.0,,,,,,4.0,,,
974.0,2017.0,,,,,,6.0,,,
975.0,2017.0,,,,,,7.0,,,
976.0,2017.0,,,,,,73.0,,,
977.0,2017.0,,,,,,70.0,,,
978.0,2017.0,,,,,,9.0,,,
979.0,2017.0,,,,,,11.0,,,
980.0,2017.0,,,,,,13.0,,,
981.0,2017.0,,,,,,14.0,,,
982.0,2017.0,,,,,,15.0,,,
983.0,2017.0,,,,,,2.0,,,
984.0,2017.0,,,,,,22.0,,,
985.0,2017.0,,,,,,69.0,,,
986.0,2017.0,,,,,,32.0,,,
987.0,2017.0,,,,,,18.0,,,
988.0,2017.0,,,,,,24.0,,,
989.0,2018.0,,,,,,1.0,,,
990.0,2018.0,,,,,,3.0,,,
991.0,2018.0,,,,,,17.0,,,
992.0,2018.0,,,,,,73.0,,,
993.0,2018.0,,,,,,4.0,,,
994.0,2018.0,,,,,,6.0,,,
995.0,2018.0,,,,,,7.0,,,
996.0,2018.0,,,,,,34.0,,,
997.0,2018.0,,,,,,70.0,,,
998.0,2018.0,,,,,,9.0,,,
999.0,2018.0,,,,,,10.0,,,
1000.0,2018.0,,,,,,11.0,,,
1001.0,2018.0,,,,,,13.0,,,
1002.0,2018.0,,,,,,14.0,,,
1003.0,2018.0,,,,,,15.0,,,
1004.0,2018.0,,,,,,71.0,,,
1005.0,2018.0,,,,,,22.0,,,
1006.0,2018.0,,,,,,69.0,,,
1007.0,2018.0,,,,,,32.0,,,
1008.0,2018.0,,,,,,18.0,,,
1009.0,2018.0,,,,,,24.0,,,
1010.0,2019.0,,,,,,1.0,,,
1011.0,2019.0,,,,,,3.0,,,
1012.0,2019.0,,,,,,17.0,,,
1013.0,2019.0,,,,,,73.0,,,
1014.0,2019.0,,,,,,4.0,,,
1015.0,2019.0,,,,,,6.0,,,
1016.0,2019.0,,,,,,7.0,,,
1017.0,2019.0,,,,,,34.0,,,
1018.0,2019.0,,,,,,70.0,,,
1019.0,2019.0,,,,,,9.0,,,
1020.0,2019.0,,,,,,10.0,,,
1021.0,2019.0,,,,,,11.0,,,
1022.0,2019.0,,,,,,13.0,,,
1023.0,2019.0,,,,,,14.0,,,
1024.0,2019.0,,,,,,15.0,,,
1025.0,2019.0,,,,,,71.0,,,
1026.0,2019.0,,,,,,22.0,,,
1027.0,2019.0,,,,,,32.0,,,
1028.0,2019.0,,,,,,69.0,,,
1029.0,2019.0,,,,,,18.0,,,
1030.0,2019.0,,,,,,24.0,,,
1031.0,2020.0,,,,,,70.0,,,
1032.0,2020.0,,,,,,70.0,,,
1033.0,2020.0,,,,,,11.0,,,
1034.0,2020.0,,,,,,9.0,,,
1035.0,2020.0,,,,,,9.0,,,
1036.0,2020.0,,,,,,4.0,,,
1037.0,2020.0,,,,,,13.0,,,
1038.0,2020.0,,,,,,14.0,,,
1039.0,2020.0,,,,,,76.0,,,
1040.0,2020.0,,,,,,71.0,,,
1041.0,2020.0,,,,,,20.0,,,
1042.0,2020.0,,,,,,75.0,,,
1043.0,2020.0,,,,,,21.0,,,
1044.0,2020.0,,,,,,5.0,,,
1045.0,2020.0,,,,,,3.0,,,
1046.0,2020.0,,,,,,3.0,,,
1047.0,2020.0,,,,,,24.0,,,
1053.0,2021.0,,,,,,21.0,,,
1074.0,2022.0,,,,,,3.0,,,
1052.0,2021.0,,,,,,3.0,,,
1051.0,2021.0,,,,,,78.0,,,
1054.0,2021.0,,,,,,75.0,,,
1055.0,2021.0,,,,,,4.0,,,
1056.0,2021.0,,,,,,6.0,,,
1057.0,2021.0,,,,,,73.0,,,
1058.0,2021.0,,,,,,70.0,,,
1059.0,2021.0,,,,,,34.0,,,
1060.0,2021.0,,,,,,70.0,,,
1061.0,2021.0,,,,,,9.0,,,
1062.0,2021.0,,,,,,11.0,,,
1063.0,2021.0,,,,,,13.0,,,
1064.0,2021.0,,,,,,39.0,,,
1065.0,2021.0,,,,,,14.0,,,
1066.0,2021.0,,,,,,71.0,,,
1067.0,2021.0,,,,,,5.0,,,
1069.0,2021.0,,,,,,69.0,,,
1070.0,2021.0,,,,,,32.0,,,
1071.0,2021.0,,,,,,18.0,,,
1072.0,2021.0,,,,,,77.0,,,
1073.0,2021.0,,,,,,24.0,,,
1075.0,2022.0,,,,,,77.0,,,
1076.0,2022.0,,,,,,1.0,,,
1077.0,2022.0,,,,,,21.0,,,
1078.0,2022.0,,,,,,79.0,,,
1079.0,2022.0,,,,,,4.0,,,
1080.0,2022.0,,,,,,6.0,,,
1081.0,2022.0,,,,,,73.0,,,
1082.0,2022.0,,,,,,7.0,,,
1083.0,2022.0,,,,,,9.0,,,
1084.0,2022.0,,,,,,70.0,,,
1085.0,2022.0,,,,,,34.0,,,
1086.0,2022.0,,,,,,11.0,,,
1087.0,2022.0,,,,,,13.0,,,
1088.0,2022.0,,,,,,39.0,,,
1089.0,2022.0,,,,,,14.0,,,
1091.0,2022.0,,,,,,15.0,,,
1092.0,2022.0,,,,,,22.0,,,
1093.0,2022.0,,,,,,69.0,,,
1094.0,2022.0,,,,,,32.0,,,
1095.0,2022.0,,,,,,18.0,,,
1096.0,2022.0,,,,,,24.0,,,
1098.0,2023.0,,,,,,3.0,,,
1099.0,2023.0,,,,,,77.0,,,
1100.0,2023.0,,,,,,1.0,,,
1101.0,2023.0,,,,,,73.0,,,
1102.0,2023.0,,,,,,79.0,,,
1104.0,2023.0,,,,,,6.0,,,
1105.0,2023.0,,,,,,4.0,,,
1106.0,2023.0,,,,,,7.0,,,
1107.0,2023.0,,,,,,70.0,,,
1108.0,2023.0,,,,,,9.0,,,
1109.0,2023.0,,,,,,11.0,,,
1110.0,2023.0,,,,,,13.0,,,
1111.0,2023.0,,,,,,39.0,,,
1112.0,2023.0,,,,,,14.0,,,
1113.0,2023.0,,,,,,15.0,,,
1114.0,2023.0,,,,,,22.0,,,
1115.0,2023.0,,,,,,78.0,,,
1116.0,2023.0,,,,,,69.0,,,
1117.0,2023.0,,,,,,32.0,,,
1118.0,2023.0,,,,,,18.0,,,
1119.0,2023.0,,,,,,80.0,,,
1120.0,2023.0,,,,,,24.0,,,
1121.0,2024.0,,,,,,3.0,,,
1122.0,2024.0,,,,,,77.0,,,
1123.0,2024.0,,,,,,1.0,,,
1124.0,2024.0,,,,,,22.0,,,
1125.0,2024.0,,,,,,17.0,,,
1126.0,2024.0,,,,,,79.0,,,
1127.0,2024.0,,,,,,21.0,,,
1128.0,2024.0,,,,,,6.0,,,
1129.0,2024.0,,,,,,7.0,,,
1130.0,2024.0,,,,,,4.0,,,
1131.0,2024.0,,,,,,70.0,,,
1132.0,2024.0,,,,,,9.0,,,
1133.0,2024.0,,,,,,11.0,,,
1134.0,2024.0,,,,,,13.0,,,
1135.0,2024.0,,,,,,39.0,,,
1136.0,2024.0,,,,,,14.0,,,
1137.0,2024.0,,,,,,73.0,,,
1138.0,2024.0,,,,,,15.0,,,
1139.0,2024.0,,,,,,69.0,,,
1140.0,2024.0,,,,,,32.0,,,
1141.0,2024.0,,,,,,18.0,,,
1142.0,2024.0,,,,,,80.0,,,
1143.0,2024.0,,,,,,78.0,,,
1144.0,2024.0,,,,,,24.0,,,
1145.0,2025.0,,,,,,1.0,,,
1146.0,2025.0,,,,,,17.0,,,
1147.0,2025.0,,,,,,22.0,,,
1148.0,2025.0,,,,,,3.0,,,
1149.0,2025.0,,,,,,77.0,,,
1150.0,2025.0,,,,,,79.0,,,
1151.0,2025.0,,,,,,21.0,,,
1152.0,2025.0,,,,,,6.0,,,
1153.0,2025.0,,,,,,4.0,,,
1154.0,2025.0,,,,,,7.0,,,
1155.0,2025.0,,,,,,70.0,,,
1156.0,2025.0,,,,,,9.0,,,
1157.0,2025.0,,,,,,13.0,,,
1158.0,2025.0,,,,,,11.0,,,
1159.0,2025.0,,,,,,39.0,,,
1160.0,2025.0,,,,,,14.0,,,
1161.0,2025.0,,,,,,73.0,,,
1162.0,2025.0,,,,,,15.0,,,
1163.0,2025.0,,,,,,69.0,,,
1164.0,2025.0,,,,,,32.0,,,
1165.0,2025.0,,,,,,18.0,,,
1166.0,2025.0,,,,,,80.0,,,
1167.0,2025.0,,,,,,78.0,,,
1168.0,2025.0,,,,,,24.0,,,
,,,,,1.0,McLaren,,,,
,,,,,2.0,BMW Sauber,,,,
,,,,,3.0,Williams,,,,
,,,,,4.0,Renault,,,,
,,,,,5.0,Toro Rosso,,,,
,,,,,6.0,Ferrari,,,,
,,,,,7.0,Toyota,,,,
,,,,,8.0,Super Aguri,,,,
,,,,,9.0,Red Bull,,,,
,,,,,10.0,Force India,,,,
,,,,,11.0,Honda,,,,
,,,,,12.0,Spyker,,,,
,,,,,13.0,MF1,,,,
,,,,,14.0,Spyker MF1,,,,
,,,,,15.0,Sauber,,,,
,,,,,16.0,BAR,,,,
,,,,,17.0,Jordan,,,,
,,,,,18.0,Minardi,,,,
,,,,,19.0,Jaguar,,,,
,,,,,20.0,Prost,,,,
,,,,,21.0,Arrows,,,,
,,,,,22.0,Benetton,,,,
,,,,,23.0,Brawn,,,,
,,,,,24.0,Stewart,,,,
,,,,,25.0,Tyrrell,,,,
,,,,,26.0,Lola,,,,
,,,,,27.0,Ligier,,,,
,,,,,28.0,Forti,,,,
,,,,,29.0,Footwork,,,,
,,,,,30.0,Pacific,,,,
,,,,,31.0,Simtek,,,,
,,,,,32.0,Team Lotus,,,,
,,,,,33.0,Larrousse,,,,
,,,,,34.0,Brabham,,,,
,,,,,35.0,Dallara,,,,
,,,,,36.0,Fondmetal,,,,
,,,,,37.0,March,,,,
,,,,,38.0,Andrea Moda,,,,
,,,,,39.0,AGS,,,,
,,,,,40.0,Lambo,,,,
,,,,,41.0,Leyton House,,,,
,,,,,42.0,Coloni,,,,
,,,,,44.0,Euro Brun,,,,
,,,,,45.0,Osella,,,,
,,,,,46.0,Onyx,,,,
,,,,,47.0,Life,,,,
,,,,,48.0,Rial,,,,
,,,,,49.0,Zakspeed,,,,
,,,,,50.0,RAM,,,,
,,,,,51.0,Alfa Romeo,,,,
,,,,,52.0,Spirit,,,,
,,,,,53.0,Toleman,,,,
,,,,,54.0,ATS,,,,
,,,,,55.0,Theodore,,,,
,,,,,56.0,Fittipaldi,,,,
,,,,,57.0,Ensign,,,,
,,,,,58.0,Shadow,,,,
,,,,,59.0,Wolf,,,,
,,,,,60.0,Merzario,,,,
,,,,,61.0,Kauhsen,,,,
,,,,,62.0,Rebaque,,,,
,,,,,63.0,Surtees,,,,
,,,,,64.0,Hesketh,,,,
,,,,,65.0,Martini,,,,
,,,,,66.0,BRM,,,,
,,,,,67.0,Penske,,,,
,,,,,68.0,LEC,,,,
,,,,,69.0,McGuire,,,,
,,,,,70.0,Boro,,,,
,,,,,71.0,Apollon,,,,
,,,,,72.0,Kojima,,,,
,,,,,73.0,Parnelli,,,,
,,,,,74.0,Maki,,,,
,,,,,75.0,Embassy Hill,,,,
,,,,,76.0,Lyncar,,,,
,,,,,77.0,Trojan,,,,
,,,,,78.0,Amon,,,,
,,,,,79.0,Token,,,,
,,,,,80.0,Iso Marlboro,,,,
,,,,,81.0,Tecno,,,,
,,,,,82.0,Matra,,,,
,,,,,83.0,Politoys,,,,
,,,,,84.0,Connew,,,,
,,,,,85.0,Bellasi,,,,
,,,,,86.0,De Tomaso,,,,
,,,,,87.0,Cooper,,,,
,,,,,88.0,Eagle,,,,
,,,,,89.0,LDS,,,,
,,,,,90.0,Protos,,,,
,,,,,91.0,Shannon,,,,
,,,,,92.0,Scirocco,,,,
,,,,,93.0,RE,,,,
,,,,,94.0,BRP,,,,
,,,,,95.0,Porsche,,,,
,,,,,96.0,Derrington,,,,
,,,,,97.0,Gilby,,,,
,,,,,98.0,Stebro,,,,
,,,,,99.0,Emeryson,,,,
,,,,,100.0,ENB,,,,
,,,,,101.0,JBW,,,,
,,,,,102.0,Ferguson,,,,
,,,,,103.0,MBM,,,,
,,,,,104.0,Behra-Porsche,,,,
,,,,,105.0,Maserati,,,,
,,,,,106.0,Scarab,,,,
,,,,,107.0,Watson,,,,
,,,,,108.0,Epperly,,,,
,,,,,109.0,Phillips,,,,
,,,,,110.0,Lesovsky,,,,
,,,,,111.0,Trevis,,,,
,,,,,112.0,Meskowski,,,,
,,,,,113.0,Kurtis Kraft,,,,
,,,,,114.0,Kuzma,,,,
,,,,,115.0,Christensen,,,,
,,,,,116.0,Ewing,,,,
,,,,,117.0,Aston Martin,,,,
,,,,,118.0,Vanwall,,,,
,,,,,119.0,Moore,,,,
,,,,,120.0,Dunn,,,,
,,,,,121.0,Elder,,,,
,,,,,122.0,Sutton,,,,
,,,,,123.0,Fry,,,,
,,,,,124.0,Tec-Mec,,,,
,,,,,125.0,Connaught,,,,
,,,,,126.0,Alta,,,,
,,,,,127.0,OSCA,,,,
,,,,,128.0,Gordini,,,,
,,,,,129.0,Stevens,,,,
,,,,,130.0,Bugatti,,,,
,,,,,131.0,Mercedes,,,,
,,,,,132.0,Lancia,,,,
,,,,,133.0,HWM,,,,
,,,,,134.0,Schroeder,,,,
,,,,,135.0,Pawl,,,,
,,,,,136.0,Pankratz,,,,
,,,,,137.0,Arzani-Volpini,,,,
,,,,,138.0,Nichels,,,,
,,,,,139.0,Bromme,,,,
,,,,,140.0,Klenk,,,,
,,,,,141.0,Simca,,,,
,,,,,142.0,Turner,,,,
,,,,,143.0,Del Roy,,,,
,,,,,144.0,Veritas,,,,
,,,,,145.0,BMW,,,,
,,,,,146.0,EMW,,,,
,,,,,147.0,AFM,,,,
,,,,,148.0,Frazer Nash,,,,
,,,,,149.0,Sherman,,,,
,,,,,150.0,Deidt,,,,
,,,,,151.0,ERA,,,,
,,,,,152.0,Aston Butterworth,,,,
,,,,,153.0,Cisitalia,,,,
,,,,,154.0,Talbot-Lago,,,,
,,,,,155.0,Hall,,,,
,,,,,156.0,Marchese,,,,
,,,,,157.0,Langley,,,,
,,,,,158.0,Rae,,,,
,,,,,159.0,Olson,,,,
,,,,,160.0,Wetteroth,,,,
,,,,,161.0,Adams,,,,
,,,,,162.0,Snowberger,,,,
,,,,,163.0,Milano,,,,
,,,,,164.0,HRT,,,,
,,,,,167.0,Cooper-Maserati,,,,
,,,,,166.0,Virgin,,,,
,,,,,168.0,Cooper-OSCA,,,,
,,,,,169.0,Cooper-Borgward,,,,
,,,,,170.0,Cooper-Climax,,,,
,,,,,171.0,Cooper-Castellotti,,,,
,,,,,172.0,Lotus-Climax,,,,
,,,,,173.0,Lotus-Maserati,,,,
,,,,,174.0,De Tomaso-Osca,,,,
,,,,,175.0,De Tomaso-Alfa Romeo,,,,
,,,,,176.0,Lotus-BRM,,,,
,,,,,177.0,Lotus-Borgward,,,,
,,,,,178.0,Cooper-Alfa Romeo,,,,
,,,,,179.0,De Tomaso-Ferrari,,,,
,,,,,180.0,Lotus-Ford,,,,
,,,,,181.0,Brabham-BRM,,,,
,,,,,182.0,Brabham-Ford,,,,
,,,,,183.0,Brabham-Climax,,,,
,,,,,184.0,LDS-Climax,,,,
,,,,,185.0,LDS-Alfa Romeo,,,,
,,,,,186.0,Cooper-Ford,,,,
,,,,,187.0,McLaren-Ford,,,,
,,,,,188.0,McLaren-Serenissima,,,,
,,,,,189.0,Eagle-Climax,,,,
,,,,,190.0,Eagle-Weslake,,,,
,,,,,191.0,Brabham-Repco,,,,
,,,,,192.0,Cooper-Ferrari,,,,
,,,,,193.0,Cooper-ATS,,,,
,,,,,194.0,McLaren-BRM,,,,
,,,,,195.0,Cooper-BRM,,,,
,,,,,196.0,Matra-Ford,,,,
,,,,,197.0,BRM-Ford,,,,
,,,,,198.0,McLaren-Alfa Romeo,,,,
,,,,,199.0,March-Alfa Romeo,,,,
,,,,,200.0,March-Ford,,,,
,,,,,201.0,Lotus-Pratt &amp; Whitney,,,,
,,,,,202.0,Shadow-Ford,,,,
,,,,,203.0,Shadow-Matra,,,,
,,,,,204.0,Brabham-Alfa Romeo,,,,
,,,,,205.0,Lotus,,,,
,,,,,206.0,Marussia,,,,
,,,,,207.0,Caterham,,,,
,,,,,208.0,Lotus F1,,,,
,,,,,209.0,Manor Marussia,,,,
,,,,,210.0,Haas F1 Team,,,,
,,,,,211.0,Racing Point,,,,
,,,,,213.0,AlphaTauri,,,,
,,,,,214.0,Alpine F1 Team,,,,
,,,,,215.0,RB F1 Team,,,,
,,,,,,,,,1.0,Finished
,,,,,,,,,2.0,Disqualified
,,,,,,,,,3.0,Accident
,,,,,,,,,4.0,Collision
,,,,,,,,,5.0,Engine
,,,,,,,,,6.0,Gearbox
,,,,,,,,,7.0,Transmission
,,,,,,,,,8.0,Clutch
,,,,,,,,,9.0,Hydraulics
,,,,,,,,,10.0,Electrical
,,,,,,,,,11.0,+1 Lap
,,,,,,,,,12.0,+2 Laps
,,,,,,,,,13.0,+3 Laps
,,,,,,,,,14.0,+4 Laps
,,,,,,,,,15.0,+5 Laps
,,,,,,,,,16.0,+6 Laps
,,,,,,,,,17.0,+7 Laps
,,,,,,,,,18.0,+8 Laps
,,,,,,,,,19.0,+9 Laps
,,,,,,,,,20.0,Spun off
,,,,,,,,,21.0,Radiator
,,,,,,,,,22.0,Suspension
,,,,,,,,,23.0,Brakes
,,,,,,,,,24.0,Differential
,,,,,,,,,25.0,Overheating
,,,,,,,,,26.0,Mechanical
,,,,,,,,,27.0,Tyre
,,,,,,,,,28.0,Driver Seat
,,,,,,,,,29.0,Puncture
,,,,,,,,,30.0,Driveshaft
,,,,,,,,,31.0,Retired
,,,,,,,,,32.0,Fuel pressure
,,,,,,,,,33.0,Front wing
,,,,,,,,,34.0,Water pressure
,,,,,,,,,35.0,Refuelling
,,,,,,,,,36.0,Wheel
,,,,,,,,,37.0,Throttle
,,,,,,,,,38.0,Steering
,,,,,,,,,39.0,Technical
,,,,,,,,,40.0,Electronics
,,,,,,,,,41.0,Broken wing
,,,,,,,,,42.0,Heat shield fire
,,,,,,,,,43.0,Exhaust
,,,,,,,,,44.0,Oil leak
,,,,,,,,,45.0,+11 Laps
,,,,,,,,,46.0,Wheel rim
,,,,,,,,,47.0,Water leak
,,,,,,,,,48.0,Fuel pump
,,,,,,,,,49.0,Track rod
,,,,,,,,,50.0,+17 Laps
,,,,,,,,,51.0,Oil pressure
,,,,,,,,,128.0,+42 Laps
,,,,,,,,,53.0,+13 Laps
,,,,,,,,,54.0,Withdrew
,,,,,,,,,55.0,+12 Laps
,,,,,,,,,56.0,Engine fire
,,,,,,,,,129.0,Engine misfire
,,,,,,,,,58.0,+26 Laps
,,,,,,,,,59.0,Tyre puncture
,,,,,,,,,60.0,Out of fuel
,,,,,,,,,61.0,Wheel nut
,,,,,,,,,62.0,Not classified
,,,,,,,,,63.0,Pneumatics
,,,,,,,,,64.0,Handling
,,,,,,,,,65.0,Rear wing
,,,,,,,,,66.0,Fire
,,,,,,,,,67.0,Wheel bearing
,,,,,,,,,68.0,Physical
,,,,,,,,,69.0,Fuel system
,,,,,,,,,70.0,Oil line
,,,,,,,,,71.0,Fuel rig
,,,,,,,,,72.0,Launch control
,,,,,,,,,73.0,Injured
,,,,,,,,,74.0,Fuel
,,,,,,,,,75.0,Power loss
,,,,,,,,,76.0,Vibrations
,,,,,,,,,77.0,107% Rule
,,,,,,,,,78.0,Safety
,,,,,,,,,79.0,Drivetrain
,,,,,,,,,80.0,Ignition
,,,,,,,,,81.0,Did not qualify
,,,,,,,,,82.0,Injury
,,,,,,,,,83.0,Chassis
,,,,,,,,,84.0,Battery
,,,,,,,,,85.0,Stalled
,,,,,,,,,86.0,Halfshaft
,,,,,,,,,87.0,Crankshaft
,,,,,,,,,88.0,+10 Laps
,,,,,,,,,89.0,Safety concerns
,,,,,,,,,90.0,Not restarted
,,,,,,,,,91.0,Alternator
,,,,,,,,,92.0,Underweight
,,,,,,,,,93.0,Safety belt
,,,,,,,,,94.0,Oil pump
,,,,,,,,,95.0,Fuel leak
,,,,,,,,,96.0,Excluded
,,,,,,,,,97.0,Did not prequalify
,,,,,,,,,98.0,Injection
,,,,,,,,,99.0,Distributor
,,,,,,,,,100.0,Driver unwell
,,,,,,,,,101.0,Turbo
,,,,,,,,,102.0,CV joint
,,,,,,,,,103.0,Water pump
,,,,,,,,,104.0,Fatal accident
,,,,,,,,,105.0,Spark plugs
,,,,,,,,,106.0,Fuel pipe
,,,,,,,,,107.0,Eye injury
,,,,,,,,,108.0,Oil pipe
,,,,,,,,,109.0,Axle
,,,,,,,,,110.0,Water pipe
,,,,,,,,,111.0,+14 Laps
,,,,,,,,,112.0,+15 Laps
,,,,,,,,,113.0,+25 Laps
,,,,,,,,,114.0,+18 Laps
,,,,,,,,,115.0,+22 Laps
,,,,,,,,,116.0,+16 Laps
,,,,,,,,,117.0,+24 Laps
,,,,,,,,,118.0,+29 Laps
,,,,,,,,,119.0,+23 Laps
,,,,,,,,,120.0,+21 Laps
,,,,,,,,,121.0,Magneto
,,,,,,,,,122.0,+44 Laps
,,,,,,,,,123.0,+30 Laps
,,,,,,,,,124.0,+19 Laps
,,,,,,,,,125.0,+46 Laps
,,,,,,,,,126.0,Supercharger
,,,,,,,,,127.0,+20 Laps
,,,,,,,,,130.0,Collision damage
,,,,,,,,,131.0,Power Unit
,,,,,,,,,132.0,ERS
,,,,,,,,,133.0,+49 Laps
,,,,,,,,,134.0,+38 Laps
,,,,,,,,,135.0,Brake duct
,,,,,,,,,136.0,Seat
,,,,,,,,,137.0,Damage
,,,,,,,,,138.0,Debris
,,,,,,,,,139.0,Illness
,,,,,,,,,140.0,Undertray
,,,,,,,,,141.0,Cooling system
